FK_Name,ModelID,Num_ModelID,ObjectID,NumOID,ImportID,Child_Table_Name,Referred_Table_Name,Engineer,Delete_Rule,Child_Table_ID,Num_Child_Table_ID,Referred_Table_ID,Num_Referred_Table_ID,Referred_Key_ID,Num_Referred_Key_ID,Number_Of_Columns
ASST_PL_CLLTRL_RCVD_ASSGNMNT_ASST_PL_FK,D11405B3-AA41-4944-8935-17AEC9B5E9D9,547,B4C0FA90-1CB1-39DA-C198-4CF4C6AD447A,2307,,ASST_PL_CLLTRL_RCVD_ASSGNMNT,ASST_PL,Y,NO ACTION,2C050231-373E-2E46-4347-EF6AB1298BB3,549,D34AE4EE-C7C3-F8F9-E1EC-2243E70721C2,548,33FCD958-BDA0-894A-C7B9-D530CE08420E,2126,5
ASST_PL_CLLTRL_RCVD_ASSGNMNT_CLLTRL_RL_FK,D11405B3-AA41-4944-8935-17AEC9B5E9D9,547,28A0CD04-154B-9532-9933-897B2F090B61,2308,,ASST_PL_CLLTRL_RCVD_ASSGNMNT,CLLTRL_RL,Y,NO ACTION,2C050231-373E-2E46-4347-EF6AB1298BB3,549,EC02DDF4-5AF2-BF90-6BE8-C39DA1D24CF0,556,59398B82-D347-AD52-7CD8-80882F023CD7,2144,6
ASST_PL_DBT_SCRTY_PSTN_ASSGNMNT_ASST_PL_FK,D11405B3-AA41-4944-8935-17AEC9B5E9D9,547,A1909509-B0BE-6F83-94DE-6114587B3139,2309,,ASST_PL_DBT_SCRTY_PSTN_ASSGNMNT,ASST_PL,Y,NO ACTION,936229AA-54D6-9D52-6ACC-9D2D22113E9A,550,D34AE4EE-C7C3-F8F9-E1EC-2243E70721C2,548,33FCD958-BDA0-894A-C7B9-D530CE08420E,2126,5
ASST_PL_DBT_SCRTY_PSTN_ASSGNMNT_SCRTY_PSTN_FK,D11405B3-AA41-4944-8935-17AEC9B5E9D9,547,14E61934-DDE2-A020-6440-5466F9A063CF,2310,,ASST_PL_DBT_SCRTY_PSTN_ASSGNMNT,SCRTY_PSTN,Y,NO ACTION,936229AA-54D6-9D52-6ACC-9D2D22113E9A,550,6E8409CE-B365-56A1-9B14-4CED755ECCAC,644,4F78EFF1-126B-A836-0970-69B163313CDF,2292,7
ASST_PL_EXCHNG_TRDBL_DRVTV_PSTN_ASSGNMNT_ASST_PL_FK,D11405B3-AA41-4944-8935-17AEC9B5E9D9,547,8518E5BF-CCAE-5C88-A2F9-D461B0866F6E,2311,,ASST_PL_EXCHNG_TRDBL_DRVTV_PSTN_ASSGNMNT,ASST_PL,Y,NO ACTION,F23F6EB9-6031-C1AA-2010-F136DA89C472,551,D34AE4EE-C7C3-F8F9-E1EC-2243E70721C2,548,33FCD958-BDA0-894A-C7B9-D530CE08420E,2126,5
ASST_PL_EXCHNG_TRDBL_DRVTV_PSTN_ASSGNMNT_EXCHNG_TRDBL_DRVTV_PSTN_FK,D11405B3-AA41-4944-8935-17AEC9B5E9D9,547,4D2FD0DB-8B3D-B6B0-53CA-3253E714FC9C,2312,,ASST_PL_EXCHNG_TRDBL_DRVTV_PSTN_ASSGNMNT,EXCHNG_TRDBL_DRVTV_PSTN,Y,NO ACTION,F23F6EB9-6031-C1AA-2010-F136DA89C472,551,F76C7767-80DC-17FC-8C24-625A37A26C03,574,ADB11282-709F-4AED-F610-9B38F0FC57BA,2154,9
ASST_PL_INSTRMNT_ASSGNMNT_ASST_PL_FKv4,D11405B3-AA41-4944-8935-17AEC9B5E9D9,547,8302FC2B-B868-8C73-1A49-B2854B46D0EF,2313,,ASST_PL_INSTRMNT_ASSGNMNT,ASST_PL,Y,NO ACTION,2E5D79EA-0765-4AA6-90FE-A5AFBB12FD5A,552,D34AE4EE-C7C3-F8F9-E1EC-2243E70721C2,548,33FCD958-BDA0-894A-C7B9-D530CE08420E,2126,5
ASST_PL_INSTRMNT_ASSGNMNT_INSTRMNT_FKv4,D11405B3-AA41-4944-8935-17AEC9B5E9D9,547,3DD84AB3-5B3E-685A-03B3-2B2EFA88DD0B,2314,,ASST_PL_INSTRMNT_ASSGNMNT,INSTRMNT,Y,NO ACTION,2E5D79EA-0765-4AA6-90FE-A5AFBB12FD5A,552,F5A91258-A373-D78D-E32B-99F4DBE1A5B0,587,BF267E4F-1249-5DD1-3917-F00C68A19A60,2150,5
CLLTRL_GVN_INSTRMNT_DBT_SCRTY_ISSD_ASSGNMNT_DBT_SCRTY_ISSD_FK,D11405B3-AA41-4944-8935-17AEC9B5E9D9,547,755000D2-765B-39C0-9FB1-6E7599CFC7AD,2315,,CLLTRL_GVN_INSTRMNT_DBT_SCRTY_ISSD_ASSGNMNT,DBT_SCRTY_ISSD,Y,NO ACTION,E2845C9C-C6B2-A147-A2C8-8BB40D3E5057,555,9E421822-DE09-6CAD-AD81-5EFC8F187878,567,0B872F18-0A5D-AAD5-9D51-D9CC06DFB370,2103,6
CLLTRL_GVN_INSTRMNT_DBT_SCRTY_ISSD_ASSGNMNT_INSTRMNT_RL_FK,D11405B3-AA41-4944-8935-17AEC9B5E9D9,547,753C8E77-BC54-9CEE-5CC6-4A57CD85E433,2316,,CLLTRL_GVN_INSTRMNT_DBT_SCRTY_ISSD_ASSGNMNT,INSTRMNT_RL,Y,NO ACTION,E2845C9C-C6B2-A147-A2C8-8BB40D3E5057,555,D3BAFE8E-AC69-C4DA-D4D3-CA05A4FD4F88,594,916086FF-408F-83C8-1661-29676C470A12,2244,6
CLLTRL_PRTCTN_ARRNGMNT_FK,D11405B3-AA41-4944-8935-17AEC9B5E9D9,547,DC04937E-598B-182F-1B76-7FB2132C377C,2317,,CLLTRL,PRTCTN_ARRNGMNT,Y,NO ACTION,66571B42-D25D-1CCE-0AB9-7565742DF2AF,554,D95B2056-8A7D-EFE9-BBC5-AF446D7B5214,619,AE3018D8-2B78-2593-AFDF-A514B1C7D7DD,2254,5
CLLTRL_RL_CLLTRL_FK,D11405B3-AA41-4944-8935-17AEC9B5E9D9,547,6D9E3873-04A4-7ABC-566C-44205696359F,2318,,CLLTRL_RL,CLLTRL,Y,NO ACTION,EC02DDF4-5AF2-BF90-6BE8-C39DA1D24CF0,556,66571B42-D25D-1CCE-0AB9-7565742DF2AF,554,664FAD89-608E-04CA-8ED9-32378D5193B3,2081,5
CLLTRL_SCRTY_EXCHNG_TRDBL_DRVTV_FK,D11405B3-AA41-4944-8935-17AEC9B5E9D9,547,86E99710-9CD7-C14B-E88E-ECE92293309D,2319,,CLLTRL,SCRTY_EXCHNG_TRDBL_DRVTV,Y,NO ACTION,66571B42-D25D-1CCE-0AB9-7565742DF2AF,554,6F6ADD10-00B2-A507-DFB5-144E00BF53C8,641,A00B3557-EE41-38A7-5DE1-937F38CD0383,2199,5
CRDT_FCLTY_CLLTRL_ASSGNMNT_CLLTRL_RL_FK,D11405B3-AA41-4944-8935-17AEC9B5E9D9,547,9624A114-20DA-DEA7-8E3D-93C06204B0E1,2320,,CRDT_FCLTY_CLLTRL_ASSGNMNT,CLLTRL_RL,Y,NO ACTION,D9FBBA8B-F990-3D82-C827-6925DC3E41D5,558,EC02DDF4-5AF2-BF90-6BE8-C39DA1D24CF0,556,59398B82-D347-AD52-7CD8-80882F023CD7,2144,6
CRDT_FCLTY_CLLTRL_ASSGNMNT_CRDT_FCLTY_FK,D11405B3-AA41-4944-8935-17AEC9B5E9D9,547,18EF22B2-2CD1-A2E7-A405-2402B8D24EB1,2321,,CRDT_FCLTY_CLLTRL_ASSGNMNT,CRDT_FCLTY,Y,NO ACTION,D9FBBA8B-F990-3D82-C827-6925DC3E41D5,558,E2187E78-47F0-6162-904B-FA943C892859,557,95E4C7B8-F90A-ACDD-4690-F7C1AB6EE27F,2136,5
CRDT_FCLTY_CLLTRL_RCVD_INSTRMNT_ASSGNMNT_CRDT_FCLTY_FK,D11405B3-AA41-4944-8935-17AEC9B5E9D9,547,8350EC24-814D-AF5A-C20B-220E71CBC26D,2322,,CRDT_FCLTY_CLLTRL_RCVD_INSTRMNT_ASSGNMNT,CRDT_FCLTY,Y,NO ACTION,AED71901-4B2F-0725-81B9-CABE0E34D219,559,E2187E78-47F0-6162-904B-FA943C892859,557,95E4C7B8-F90A-ACDD-4690-F7C1AB6EE27F,2136,5
CRDT_FCLTY_CLLTRL_RCVD_INSTRMNT_ASSGNMNT_INSTRMNT_RL_FK,D11405B3-AA41-4944-8935-17AEC9B5E9D9,547,ED1BCB83-03B6-2EE1-79C3-61AB5D22C47F,2323,,CRDT_FCLTY_CLLTRL_RCVD_INSTRMNT_ASSGNMNT,INSTRMNT_RL,Y,NO ACTION,AED71901-4B2F-0725-81B9-CABE0E34D219,559,D3BAFE8E-AC69-C4DA-D4D3-CA05A4FD4F88,594,916086FF-408F-83C8-1661-29676C470A12,2244,6
CRDT_FCLTY_ENTTY_RL_ASSGNMNT_CRDT_FCLTY_FK,D11405B3-AA41-4944-8935-17AEC9B5E9D9,547,256B1575-01AB-0ECE-8EFE-F75B6CB8BF05,2324,,CRDT_FCLTY_ENTTY_RL_ASSGNMNT,CRDT_FCLTY,Y,NO ACTION,2CE2CD50-3468-A4F6-B7B9-430D43860998,560,E2187E78-47F0-6162-904B-FA943C892859,557,95E4C7B8-F90A-ACDD-4690-F7C1AB6EE27F,2136,5
CRDT_FCLTY_ENTTY_RL_ASSGNMNT_ENTTY_RL_FKv2,D11405B3-AA41-4944-8935-17AEC9B5E9D9,547,7D696372-C643-2391-28AF-0243F269D94F,2325,,CRDT_FCLTY_ENTTY_RL_ASSGNMNT,ENTTY_RL,Y,NO ACTION,2CE2CD50-3468-A4F6-B7B9-430D43860998,560,392D8B5E-AEE4-D5CD-E1DF-9BD705999553,571,8DFD9EC3-CBC5-891E-B5EB-40EA3D0A9067,2061,6
CRDT_FCLTY_FNNCL_CNTRCT_FK,D11405B3-AA41-4944-8935-17AEC9B5E9D9,547,A5D2ABC5-46FD-9F67-BFE9-0E75359C5E28,2326,,CRDT_FCLTY,FNNCL_CNTRCT,Y,NO ACTION,E2187E78-47F0-6162-904B-FA943C892859,557,60979D29-0D6E-2BF9-9DCD-8EB1953DB316,580,DE17BF3D-F859-B3A7-B305-A88FCFE58C65,2076,5
CRDT_RSK_MTGTN_ASSGNMNT_CLLTRL_FK,D11405B3-AA41-4944-8935-17AEC9B5E9D9,547,7D8F548C-0F3B-3F10-18EB-F7DD8E5A5466,2327,,CRDT_RSK_MTGTN_ASSGNMNT,CLLTRL,Y,NO ACTION,D13C5ECD-72C1-0072-6357-4042F52DD6B9,561,66571B42-D25D-1CCE-0AB9-7565742DF2AF,554,664FAD89-608E-04CA-8ED9-32378D5193B3,2081,5
CRDT_RSK_MTGTN_ASSGNMNT_PRTCTN_ARRNGMNT_FK,D11405B3-AA41-4944-8935-17AEC9B5E9D9,547,3DAE4629-DA8A-9419-FE3A-C115D4C0A30C,2328,,CRDT_RSK_MTGTN_ASSGNMNT,PRTCTN_ARRNGMNT,Y,NO ACTION,D13C5ECD-72C1-0072-6357-4042F52DD6B9,561,D95B2056-8A7D-EFE9-BBC5-AF446D7B5214,619,AE3018D8-2B78-2593-AFDF-A514B1C7D7DD,2254,5
CRDT_TRNSFR_OTHR_SCRTSTN_CVRD_BND_PRGRM_ASST_PL_FK,D11405B3-AA41-4944-8935-17AEC9B5E9D9,547,27111ECC-4450-D02F-2404-4E1436F702EF,2329,,CRDT_TRNSFR_OTHR_SCRTSTN_CVRD_BND_PRGRM,ASST_PL,Y,NO ACTION,17F76E7D-F8B0-6654-8210-ACC324AF62B5,562,D34AE4EE-C7C3-F8F9-E1EC-2243E70721C2,548,33FCD958-BDA0-894A-C7B9-D530CE08420E,2126,5
CVRD_BND_ISSNC_CVRD_BND_PRGRM_FK,D11405B3-AA41-4944-8935-17AEC9B5E9D9,547,030CAF9F-E1D2-2D73-4B62-0FF74943D86F,2330,,CVRD_BND_ISSNC,CVRD_BND_PRGRM,Y,NO ACTION,6089111E-BD43-1ACE-2694-9A0195CC47EC,564,92730B66-9CDD-7491-83E6-6487AB4AB679,565,E1CE558F-5904-EF99-2977-5E76D3E083D9,2092,5
CVRD_BND_ISSNC_SCRTY_EXCHNG_TRDBL_DRVTV_FK,D11405B3-AA41-4944-8935-17AEC9B5E9D9,547,A0C92C45-2D4F-9AB7-4D06-3C1F7ABF4BD1,2331,,CVRD_BND_ISSNC,SCRTY_EXCHNG_TRDBL_DRVTV,Y,NO ACTION,6089111E-BD43-1ACE-2694-9A0195CC47EC,564,6F6ADD10-00B2-A507-DFB5-144E00BF53C8,641,A00B3557-EE41-38A7-5DE1-937F38CD0383,2199,5
CVRD_BND_PRGRM_ASST_PL_FK,D11405B3-AA41-4944-8935-17AEC9B5E9D9,547,6675511C-F240-78F0-1AE0-549D345B9488,2332,,CVRD_BND_PRGRM,ASST_PL,Y,NO ACTION,92730B66-9CDD-7491-83E6-6487AB4AB679,565,D34AE4EE-C7C3-F8F9-E1EC-2243E70721C2,548,33FCD958-BDA0-894A-C7B9-D530CE08420E,2126,5
CVRD_BND_PRGRMM_RLVNT_RGM_EXCSS_CVRD_BND_PRGRM_FK,D11405B3-AA41-4944-8935-17AEC9B5E9D9,547,BC1CD689-3145-0327-F936-B7FCC94D0705,2333,,CVRD_BND_PRGRMM_RLVNT_RGM_EXCSS,CVRD_BND_PRGRM,Y,NO ACTION,8343D390-5D49-3678-B4B1-CD16B68D9938,566,92730B66-9CDD-7491-83E6-6487AB4AB679,565,E1CE558F-5904-EF99-2977-5E76D3E083D9,2092,5
DBT_SCRTY_ISSD_HDG_DBT_SCRTY_ISSD_FK,D11405B3-AA41-4944-8935-17AEC9B5E9D9,547,AC5100C7-4B2B-9D02-33BD-F2EC6387948D,2334,,DBT_SCRTY_ISSD_HDG,DBT_SCRTY_ISSD,Y,NO ACTION,5E59BBD2-F530-2867-A5AB-1758604131C0,568,9E421822-DE09-6CAD-AD81-5EFC8F187878,567,0B872F18-0A5D-AAD5-9D51-D9CC06DFB370,2103,6
DBT_SCRTY_ISSD_PRTCN_ARRNGMNT_GVN_ASSGNMNT_DBT_SCRTY_ISSD_FK,D11405B3-AA41-4944-8935-17AEC9B5E9D9,547,1C8B9878-9666-6D32-B052-12EA593F2E00,2335,,DBT_SCRTY_ISSD_PRTCN_ARRNGMNT_GVN_ASSGNMNT,DBT_SCRTY_ISSD,Y,NO ACTION,E02AAAD1-A9EA-5202-CDAA-2CC2D7C91C0F,569,9E421822-DE09-6CAD-AD81-5EFC8F187878,567,0B872F18-0A5D-AAD5-9D51-D9CC06DFB370,2103,6
DBT_SCRTY_ISSD_PRTCN_ARRNGMNT_GVN_ASSGNMNT_PRTCTN_ARRNGMNT_RL_FK,D11405B3-AA41-4944-8935-17AEC9B5E9D9,547,D032971D-4875-3D18-73BA-1052D99D1A59,2336,,DBT_SCRTY_ISSD_PRTCN_ARRNGMNT_GVN_ASSGNMNT,PRTCTN_ARRNGMNT_RL,Y,NO ACTION,E02AAAD1-A9EA-5202-CDAA-2CC2D7C91C0F,569,80E42AFB-A1AC-5EC1-0D1F-99D6728307B9,620,98927EB5-9F25-AA8D-9BA5-FD2E00755D73,2206,6
DBT_SCRTY_ISSD_SCRTY_EXCHNG_TRDBL_DRVTV_FK,D11405B3-AA41-4944-8935-17AEC9B5E9D9,547,3DF1A7B7-2804-C83C-35F2-6525B65B3368,2337,,DBT_SCRTY_ISSD,SCRTY_EXCHNG_TRDBL_DRVTV,Y,NO ACTION,9E421822-DE09-6CAD-AD81-5EFC8F187878,567,6F6ADD10-00B2-A507-DFB5-144E00BF53C8,641,A00B3557-EE41-38A7-5DE1-937F38CD0383,2199,5
DBT_SCRTY_ISSD_TRDTNL_SCRTSTN_ASSGNMNT_DBT_SCRTY_ISSD_FK,D11405B3-AA41-4944-8935-17AEC9B5E9D9,547,12786EE3-D170-61CE-D47C-77100706AB0A,2338,,DBT_SCRTY_ISSD_TRDTNL_SCRTSTN_ASSGNMNT,DBT_SCRTY_ISSD,Y,NO ACTION,4666D86A-C192-A42F-314D-E09600CBD6AF,570,9E421822-DE09-6CAD-AD81-5EFC8F187878,567,0B872F18-0A5D-AAD5-9D51-D9CC06DFB370,2103,6
DBT_SCRTY_ISSD_TRDTNL_SCRTSTN_ASSGNMNT_TRDTNL_SCRTSTN_FK,D11405B3-AA41-4944-8935-17AEC9B5E9D9,547,419B7519-1E89-5EE2-46ED-EFF44AEBF301,2339,,DBT_SCRTY_ISSD_TRDTNL_SCRTSTN_ASSGNMNT,TRDTNL_SCRTSTN,Y,NO ACTION,4666D86A-C192-A42F-314D-E09600CBD6AF,570,1FF95978-EB07-2ADB-6690-073BC711FF9C,651,28E405FC-BA3B-4196-C71F-429CFFDEB3E4,2280,5
ENTTY_RL_PRTY_FKv4,D11405B3-AA41-4944-8935-17AEC9B5E9D9,547,73518773-0465-5CC1-038F-B3CBBDD67F9D,2340,,ENTTY_RL,PRTY,Y,NO ACTION,392D8B5E-AEE4-D5CD-E1DF-9BD705999553,571,1ACFD7F9-3FA5-34F9-308E-DE73C42C36CD,623,09F6F791-ADCF-8DA2-3DE1-539AFD8356A4,2173,5
EQT_INSTRMNT_NT_SCRT_HDG_INSTRMNT_FK,D11405B3-AA41-4944-8935-17AEC9B5E9D9,547,0335499F-B8FD-8845-547F-85EF923CE106,2341,,EQT_INSTRMNT_NT_SCRT_HDG,INSTRMNT,Y,NO ACTION,310B8867-1821-5DAA-B711-AA33E9F3BEE9,572,F5A91258-A373-D78D-E32B-99F4DBE1A5B0,587,BF267E4F-1249-5DD1-3917-F00C68A19A60,2150,5
ETD_LBLTY_PSTN_SNTHTC_SCRTSTN_ASSGNMNT_EXCHNG_TRDBL_DRVTV_PSTN_RL_FK,D11405B3-AA41-4944-8935-17AEC9B5E9D9,547,1F87515F-3EC5-69CA-E379-F317A21B7ECB,2342,,ETD_LBLTY_PSTN_SNTHTC_SCRTSTN_ASSGNMNT,EXCHNG_TRDBL_DRVTV_PSTN_RL,Y,NO ACTION,9B7AF512-A77B-E59D-EAFF-A5F883E70D69,573,B721A848-D94B-3E91-A092-77F932D36700,576,80D321A1-E5ED-400F-4559-F1ACFD2F1790,2114,10
ETD_LBLTY_PSTN_SNTHTC_SCRTSTN_ASSGNMNT_SNTHTC_SCRTSTN_FK,D11405B3-AA41-4944-8935-17AEC9B5E9D9,547,82CAB284-B036-A0BC-6459-2B5ED154038A,2343,,ETD_LBLTY_PSTN_SNTHTC_SCRTSTN_ASSGNMNT,SNTHTC_SCRTSTN,Y,NO ACTION,9B7AF512-A77B-E59D-EAFF-A5F883E70D69,573,0B7D9123-D5B1-358F-B0BC-D37543665D97,649,E92AF889-A1D0-1154-5149-2FBD1D3AB5AF,2275,5
EXCHNG_TRDBL_DRVTV_PSTN_ENTTY_RL_FK,D11405B3-AA41-4944-8935-17AEC9B5E9D9,547,147AE35F-ADC6-80A1-4837-AF93CA7DF010,2344,,EXCHNG_TRDBL_DRVTV_PSTN,ENTTY_RL,Y,NO ACTION,F76C7767-80DC-17FC-8C24-625A37A26C03,574,392D8B5E-AEE4-D5CD-E1DF-9BD705999553,571,8DFD9EC3-CBC5-891E-B5EB-40EA3D0A9067,2061,6
EXCHNG_TRDBL_DRVTV_PSTN_ENTTY_RL_FKv2,D11405B3-AA41-4944-8935-17AEC9B5E9D9,547,E4F1FC6D-F37B-4B91-24D6-54429BAA2E4A,2345,,EXCHNG_TRDBL_DRVTV_PSTN,ENTTY_RL,Y,NO ACTION,F76C7767-80DC-17FC-8C24-625A37A26C03,574,392D8B5E-AEE4-D5CD-E1DF-9BD705999553,571,8DFD9EC3-CBC5-891E-B5EB-40EA3D0A9067,2061,6
EXCHNG_TRDBL_DRVTV_PSTN_PRTCN_ARRNGMNT_ASSGNMNT_EXCHNG_TRDBL_DRVTV_PSTN_FK,D11405B3-AA41-4944-8935-17AEC9B5E9D9,547,5BB6AC84-39E2-A59E-5682-006A1D73F5DE,2346,,EXCHNG_TRDBL_DRVTV_PSTN_PRTCN_ARRNGMNT_ASSGNMNT,EXCHNG_TRDBL_DRVTV_PSTN,Y,NO ACTION,C9EF37F4-0F2F-5AE8-F64D-B556EBCE6DB6,575,F76C7767-80DC-17FC-8C24-625A37A26C03,574,ADB11282-709F-4AED-F610-9B38F0FC57BA,2154,9
EXCHNG_TRDBL_DRVTV_PSTN_PRTCN_ARRNGMNT_ASSGNMNT_PRTCTN_ARRNGMNT_RL_FKv2,D11405B3-AA41-4944-8935-17AEC9B5E9D9,547,49582550-E93D-BD00-962C-F6A06664645F,2347,,EXCHNG_TRDBL_DRVTV_PSTN_PRTCN_ARRNGMNT_ASSGNMNT,PRTCTN_ARRNGMNT_RL,Y,NO ACTION,C9EF37F4-0F2F-5AE8-F64D-B556EBCE6DB6,575,80E42AFB-A1AC-5EC1-0D1F-99D6728307B9,620,98927EB5-9F25-AA8D-9BA5-FD2E00755D73,2206,6
EXCHNG_TRDBL_DRVTV_PSTN_RL_EXCHNG_TRDBL_DRVTV_PSTN_FK,D11405B3-AA41-4944-8935-17AEC9B5E9D9,547,0D44ABE1-D859-1B5A-EE4B-C1D5138DFDC4,2348,,EXCHNG_TRDBL_DRVTV_PSTN_RL,EXCHNG_TRDBL_DRVTV_PSTN,Y,NO ACTION,B721A848-D94B-3E91-A092-77F932D36700,576,F76C7767-80DC-17FC-8C24-625A37A26C03,574,ADB11282-709F-4AED-F610-9B38F0FC57BA,2154,9
EXCHNG_TRDBL_DRVTV_PSTN_SCRTY_EXCHNG_TRDBL_DRVTV_FK,D11405B3-AA41-4944-8935-17AEC9B5E9D9,547,86D19D17-E593-B330-2E8A-01D552E6715D,2349,,EXCHNG_TRDBL_DRVTV_PSTN,SCRTY_EXCHNG_TRDBL_DRVTV,Y,NO ACTION,F76C7767-80DC-17FC-8C24-625A37A26C03,574,6F6ADD10-00B2-A507-DFB5-144E00BF53C8,641,A00B3557-EE41-38A7-5DE1-937F38CD0383,2199,5
FNDMNTL_RVW_TRDNG_BK_STNDRD_APPRCH_RSK_MSR_ETD_PSTNS_EXCHNG_TRDBL_DRVTV_PSTN_FK,D11405B3-AA41-4944-8935-17AEC9B5E9D9,547,DF096CAB-8E71-987C-D760-64CDC940EEF0,2350,,FNDMNTL_RVW_TRDNG_BK_STNDRD_APPRCH_RSK_MSR_ETD_PSTNS,EXCHNG_TRDBL_DRVTV_PSTN,Y,NO ACTION,76CC117E-9269-5B3D-DC94-88E88D3992DF,577,F76C7767-80DC-17FC-8C24-625A37A26C03,574,ADB11282-709F-4AED-F610-9B38F0FC57BA,2154,9
FNDMNTL_RVW_TRDNG_BK_STNDRD_APPRCH_RSK_MSR_ETD_PSTNS_RSK_FAC_SA_FK,D11405B3-AA41-4944-8935-17AEC9B5E9D9,547,F1FC615F-6296-718F-BF47-24161850B8B7,2351,,FNDMNTL_RVW_TRDNG_BK_STNDRD_APPRCH_RSK_MSR_ETD_PSTNS,RSK_FAC_SA,Y,NO ACTION,76CC117E-9269-5B3D-DC94-88E88D3992DF,577,E80EE1C7-1EFC-1B9A-6BD4-25759D140E95,627,DAAF0043-0C60-75C8-E68D-E037C13CA0CF,2262,5
FNDMNTL_RVW_TRDNG_BK_STNDRD_APPRCH_RSK_MSR_FR_SCRTY_PSTNS_RSK_FAC_SA_FK,D11405B3-AA41-4944-8935-17AEC9B5E9D9,547,4D283329-E9C8-E44C-D156-818BCF11117C,2352,,FNDMNTL_RVW_TRDNG_BK_STNDRD_APPRCH_RSK_MSR_FR_SCRTY_PSTNS,RSK_FAC_SA,Y,NO ACTION,B6B3E1ED-2E00-7015-D653-9E3452D0DBB8,578,E80EE1C7-1EFC-1B9A-6BD4-25759D140E95,627,DAAF0043-0C60-75C8-E68D-E037C13CA0CF,2262,5
FNDMNTL_RVW_TRDNG_BK_STNDRD_APPRCH_RSK_MSR_FR_SCRTY_PSTNS_SCRTY_PSTN_FK,D11405B3-AA41-4944-8935-17AEC9B5E9D9,547,9C319256-79EE-FBC3-C934-33E9144ED242,2353,,FNDMNTL_RVW_TRDNG_BK_STNDRD_APPRCH_RSK_MSR_FR_SCRTY_PSTNS,SCRTY_PSTN,Y,NO ACTION,B6B3E1ED-2E00-7015-D653-9E3452D0DBB8,578,6E8409CE-B365-56A1-9B14-4CED755ECCAC,644,4F78EFF1-126B-A836-0970-69B163313CDF,2292,7
FNDMNTL_RVW_TRDNG_BK_STNDRD_APPRCH_RSK_MSR_OTC_PSTNS_INSTRMNT_FK,D11405B3-AA41-4944-8935-17AEC9B5E9D9,547,735E0B13-B89B-E8A0-E5F8-6224509F0333,2354,,FNDMNTL_RVW_TRDNG_BK_STNDRD_APPRCH_RSK_MSR_OTC_PSTNS,INSTRMNT,Y,NO ACTION,9AB206EC-2637-7627-56A6-E0CEAB05985B,579,F5A91258-A373-D78D-E32B-99F4DBE1A5B0,587,BF267E4F-1249-5DD1-3917-F00C68A19A60,2150,5
FNDMNTL_RVW_TRDNG_BK_STNDRD_APPRCH_RSK_MSR_OTC_PSTNS_RSK_FAC_SA_FK,D11405B3-AA41-4944-8935-17AEC9B5E9D9,547,0EC8647B-B238-96E9-6BEC-31469A24180C,2355,,FNDMNTL_RVW_TRDNG_BK_STNDRD_APPRCH_RSK_MSR_OTC_PSTNS,RSK_FAC_SA,Y,NO ACTION,9AB206EC-2637-7627-56A6-E0CEAB05985B,579,E80EE1C7-1EFC-1B9A-6BD4-25759D140E95,627,DAAF0043-0C60-75C8-E68D-E037C13CA0CF,2262,5
FNNCL_CNTRCT_SYNDCTD_CNTRCT_FK,D11405B3-AA41-4944-8935-17AEC9B5E9D9,547,67B19D64-9B56-CAC2-2297-546E878D281B,2356,,FNNCL_CNTRCT,SYNDCTD_CNTRCT,Y,NO ACTION,60979D29-0D6E-2BF9-9DCD-8EB1953DB316,580,CE18AD83-445D-1D1E-B33C-9967F204F312,650,9173FE64-E17C-347D-C3E0-A4B2780C3BC4,2301,1
FNNCL_GRNT_INSTRMNT_DBT_SCRT_DBT_SCRTY_ASSGNMNT_INSTRMNT_FK,D11405B3-AA41-4944-8935-17AEC9B5E9D9,547,E2EB1EE6-87CE-D6F3-52A4-960C9EE65992,2357,,FNNCL_GRNT_INSTRMNT_DBT_SCRT_DBT_SCRTY_ASSGNMNT,INSTRMNT,Y,NO ACTION,63B5B017-7056-C0D5-34F5-01C3109C56DD,581,F5A91258-A373-D78D-E32B-99F4DBE1A5B0,587,BF267E4F-1249-5DD1-3917-F00C68A19A60,2150,5
FNNCL_GRNT_INSTRMNT_DBT_SCRT_DBT_SCRTY_ASSGNMNT_SCRTY_EXCHNG_TRDBL_DRVTV_FK,D11405B3-AA41-4944-8935-17AEC9B5E9D9,547,079A291D-B23A-5247-3535-1E231396DF47,2358,,FNNCL_GRNT_INSTRMNT_DBT_SCRT_DBT_SCRTY_ASSGNMNT,SCRTY_EXCHNG_TRDBL_DRVTV,Y,NO ACTION,63B5B017-7056-C0D5-34F5-01C3109C56DD,581,6F6ADD10-00B2-A507-DFB5-144E00BF53C8,641,A00B3557-EE41-38A7-5DE1-937F38CD0383,2199,5
GLD_CLLTRL_LG_GLD_CLLTRL_ASSGNMNT_CLLTRL_FK,D11405B3-AA41-4944-8935-17AEC9B5E9D9,547,DF1B70A9-D987-B1CB-5FA8-2513A7B35845,2359,,GLD_CLLTRL_LG_GLD_CLLTRL_ASSGNMNT,CLLTRL,Y,NO ACTION,1BB891A3-A7FD-B0C5-5743-1D4D1CE185C1,583,66571B42-D25D-1CCE-0AB9-7565742DF2AF,554,664FAD89-608E-04CA-8ED9-32378D5193B3,2081,5
GLD_CLLTRL_LG_GLD_CLLTRL_ASSGNMNT_RPRCHS_AGRMNT_CMPNNT_FK,D11405B3-AA41-4944-8935-17AEC9B5E9D9,547,46147694-E974-0E3E-CA72-425FE1086007,2360,,GLD_CLLTRL_LG_GLD_CLLTRL_ASSGNMNT,RPRCHS_AGRMNT_CMPNNT,Y,NO ACTION,1BB891A3-A7FD-B0C5-5743-1D4D1CE185C1,583,6C99AE47-5CD6-648D-093C-E28909B14490,626,16ED717A-E1BC-C9D7-CE8E-BDEF586FB693,2196,6
GRP_KY_MNGMNT_PRSNLL_ASSGNMNT_ENTTY_RL_FKv2,D11405B3-AA41-4944-8935-17AEC9B5E9D9,547,52020774-425E-1727-99DB-4A8BA4F61ED5,2361,,GRP_KY_MNGMNT_PRSNLL_ASSGNMNT,ENTTY_RL,Y,NO ACTION,8C23DF10-7211-2EAF-FEF3-5E7F1947AC47,585,392D8B5E-AEE4-D5CD-E1DF-9BD705999553,571,8DFD9EC3-CBC5-891E-B5EB-40EA3D0A9067,2061,6
GRP_KY_MNGMNT_PRSNLL_ASSGNMNT_GRP_FK,D11405B3-AA41-4944-8935-17AEC9B5E9D9,547,73963924-C8F9-2334-E868-2A8863539779,2362,,GRP_KY_MNGMNT_PRSNLL_ASSGNMNT,GRP,Y,NO ACTION,8C23DF10-7211-2EAF-FEF3-5E7F1947AC47,585,4CCC06A0-284F-0AA1-1EBC-8F2B8C8671A4,584,E2D7B286-6BC3-2AFB-F267-BDC3949BEF8F,2066,5
IMMDT_PRNT_ENTRPRS_ASSGNMNT_ENTTY_RL_FK,D11405B3-AA41-4944-8935-17AEC9B5E9D9,547,0E201C1C-FA3D-E387-FE7F-1635D26D0C61,2363,,IMMDT_PRNT_ENTRPRS_ASSGNMNT,ENTTY_RL,Y,NO ACTION,53E0D305-99BC-E230-D97D-FA30FE38532F,586,392D8B5E-AEE4-D5CD-E1DF-9BD705999553,571,8DFD9EC3-CBC5-891E-B5EB-40EA3D0A9067,2061,6
IMMDT_PRNT_ENTRPRS_ASSGNMNT_PRTY_FK,D11405B3-AA41-4944-8935-17AEC9B5E9D9,547,E7C4BB04-8AF5-3D52-C0D4-92A7088868E1,2364,,IMMDT_PRNT_ENTRPRS_ASSGNMNT,PRTY,Y,NO ACTION,53E0D305-99BC-E230-D97D-FA30FE38532F,586,1ACFD7F9-3FA5-34F9-308E-DE73C42C36CD,623,09F6F791-ADCF-8DA2-3DE1-539AFD8356A4,2173,5
INSTRMNT_BLNC_SHT_NTTNG_FK,D11405B3-AA41-4944-8935-17AEC9B5E9D9,547,9A8F0745-92BB-3BFB-9567-193535C432F8,2365,,INSTRMNT,BLNC_SHT_NTTNG,Y,NO ACTION,F5A91258-A373-D78D-E32B-99F4DBE1A5B0,587,D2BB5173-D83E-322D-BED2-46CBA3F78B9A,553,BE2EC0EB-EE54-6802-7D1F-4DA251FDAC24,2125,5
INSTRMNT_CLLTRL_ASSGNMNT_CLLTRL_RL_FK,D11405B3-AA41-4944-8935-17AEC9B5E9D9,547,21A36588-A26A-EE41-4483-04EC7E2A0603,2366,,INSTRMNT_CLLTRL_ASSGNMNT,CLLTRL_RL,Y,NO ACTION,0E2E365E-CBEE-EF7E-378F-6FFC0F61725D,588,EC02DDF4-5AF2-BF90-6BE8-C39DA1D24CF0,556,59398B82-D347-AD52-7CD8-80882F023CD7,2144,6
INSTRMNT_CLLTRL_ASSGNMNT_INSTRMNT_FKv4,D11405B3-AA41-4944-8935-17AEC9B5E9D9,547,07B5AF7C-8113-2CCA-C8CA-B78E2FC0DCF8,2367,,INSTRMNT_CLLTRL_ASSGNMNT,INSTRMNT,Y,NO ACTION,0E2E365E-CBEE-EF7E-378F-6FFC0F61725D,588,F5A91258-A373-D78D-E32B-99F4DBE1A5B0,587,BF267E4F-1249-5DD1-3917-F00C68A19A60,2150,5
INSTRMNT_CLLTRL_RCVD_INSTRMNT_ASSGNMNT_INSTRMNT_FK,D11405B3-AA41-4944-8935-17AEC9B5E9D9,547,719BB91D-67DD-9BBF-CF61-31572BB228E7,2368,,INSTRMNT_CLLTRL_RCVD_INSTRMNT_ASSGNMNT,INSTRMNT,Y,NO ACTION,E8E9475B-0751-CDDF-67A6-F871E268B68A,589,F5A91258-A373-D78D-E32B-99F4DBE1A5B0,587,BF267E4F-1249-5DD1-3917-F00C68A19A60,2150,5
INSTRMNT_CLLTRL_RCVD_INSTRMNT_ASSGNMNT_INSTRMNT_RL_FKv3,D11405B3-AA41-4944-8935-17AEC9B5E9D9,547,2A622E1E-9B3C-1B20-CFBC-F2352B1DD4BE,2369,,INSTRMNT_CLLTRL_RCVD_INSTRMNT_ASSGNMNT,INSTRMNT_RL,Y,NO ACTION,E8E9475B-0751-CDDF-67A6-F871E268B68A,589,D3BAFE8E-AC69-C4DA-D4D3-CA05A4FD4F88,594,916086FF-408F-83C8-1661-29676C470A12,2244,6
INSTRMNT_CRDT_FCLTY_FK,D11405B3-AA41-4944-8935-17AEC9B5E9D9,547,A21D5645-0EA5-FA62-AC2B-21DA897F5E46,2370,,INSTRMNT,CRDT_FCLTY,Y,NO ACTION,F5A91258-A373-D78D-E32B-99F4DBE1A5B0,587,E2187E78-47F0-6162-904B-FA943C892859,557,95E4C7B8-F90A-ACDD-4690-F7C1AB6EE27F,2136,5
INSTRMNT_ENTTY_RL_ASSGNMNT_ENTTY_RL_FKv23,D11405B3-AA41-4944-8935-17AEC9B5E9D9,547,01A6CEBA-6C0E-03FF-9274-3BAD41ABF3D7,2371,,INSTRMNT_ENTTY_RL_ASSGNMNT,ENTTY_RL,Y,NO ACTION,B8142C19-71C0-CE6A-B3D5-6814A18E03DA,590,392D8B5E-AEE4-D5CD-E1DF-9BD705999553,571,8DFD9EC3-CBC5-891E-B5EB-40EA3D0A9067,2061,6
INSTRMNT_ENTTY_RL_ASSGNMNT_INSTRMNT_FKv23,D11405B3-AA41-4944-8935-17AEC9B5E9D9,547,0040EB0A-E943-5D19-D415-AE6B8634A266,2372,,INSTRMNT_ENTTY_RL_ASSGNMNT,INSTRMNT,Y,NO ACTION,B8142C19-71C0-CE6A-B3D5-6814A18E03DA,590,F5A91258-A373-D78D-E32B-99F4DBE1A5B0,587,BF267E4F-1249-5DD1-3917-F00C68A19A60,2150,5
INSTRMNT_FNNCL_CNTRCT_FK,D11405B3-AA41-4944-8935-17AEC9B5E9D9,547,B1D28D50-B242-FFE1-EB62-6AB55443B787,2373,,INSTRMNT,FNNCL_CNTRCT,Y,NO ACTION,F5A91258-A373-D78D-E32B-99F4DBE1A5B0,587,60979D29-0D6E-2BF9-9DCD-8EB1953DB316,580,DE17BF3D-F859-B3A7-B305-A88FCFE58C65,2076,5
INSTRMNT_HDGD_EXCHNG_TRDBL_DRVTV_EXCHNG_TRDBL_DRVTV_PSTN_RL_FK,D11405B3-AA41-4944-8935-17AEC9B5E9D9,547,69DD4A7A-B70D-D84A-B778-49C33A584E55,2374,,INSTRMNT_HDGD_EXCHNG_TRDBL_DRVTV,EXCHNG_TRDBL_DRVTV_PSTN_RL,Y,NO ACTION,DF5E9FE4-1188-5C93-4F73-B56555A0BB59,591,B721A848-D94B-3E91-A092-77F932D36700,576,80D321A1-E5ED-400F-4559-F1ACFD2F1790,2114,10
INSTRMNT_HDGD_EXCHNG_TRDBL_DRVTV_INSTRMNT_FK,D11405B3-AA41-4944-8935-17AEC9B5E9D9,547,E1757D7C-8FC0-9EC5-02AA-AAD16B9A0D2A,2375,,INSTRMNT_HDGD_EXCHNG_TRDBL_DRVTV,INSTRMNT,Y,NO ACTION,DF5E9FE4-1188-5C93-4F73-B56555A0BB59,591,F5A91258-A373-D78D-E32B-99F4DBE1A5B0,587,BF267E4F-1249-5DD1-3917-F00C68A19A60,2150,5
INSTRMNT_HDGD_OTC_DRVTV_INSTRMNT_FK,D11405B3-AA41-4944-8935-17AEC9B5E9D9,547,2645105D-5F4C-5D8C-0909-11FCE892FD80,2376,,INSTRMNT_HDGD_OTC_DRVTV,INSTRMNT,Y,NO ACTION,A583B60E-3A47-77F2-C053-EB5172CED1B2,592,F5A91258-A373-D78D-E32B-99F4DBE1A5B0,587,BF267E4F-1249-5DD1-3917-F00C68A19A60,2150,5
INSTRMNT_HDGD_OTC_DRVTV_OTC_DRVTV_HDG_FK,D11405B3-AA41-4944-8935-17AEC9B5E9D9,547,4912B6E1-BE13-7207-A04B-78293EAA3809,2377,,INSTRMNT_HDGD_OTC_DRVTV,OTC_DRVTV_HDG,Y,NO ACTION,A583B60E-3A47-77F2-C053-EB5172CED1B2,592,451D5B19-B4B1-F4F1-A94E-C5A116FFEB14,615,8CA7EB8B-9232-84D2-F631-6EDE2770937F,2183,5
INSTRMNT_PRTCTN_ARRNGMNT_ASSGNMNT_INSTRMNT_FKv2,D11405B3-AA41-4944-8935-17AEC9B5E9D9,547,2810A5D0-3909-DADF-4BFB-9F1D85636DA7,2378,,INSTRMNT_PRTCTN_ARRNGMNT_ASSGNMNT,INSTRMNT,Y,NO ACTION,B1DDED66-18F0-68D2-B524-BC3780A6CFA6,593,F5A91258-A373-D78D-E32B-99F4DBE1A5B0,587,BF267E4F-1249-5DD1-3917-F00C68A19A60,2150,5
INSTRMNT_PRTCTN_ARRNGMNT_ASSGNMNT_PRTCTN_ARRNGMNT_RL_FKv2,D11405B3-AA41-4944-8935-17AEC9B5E9D9,547,45778E85-D19B-E53E-CC90-0D45C23A34CB,2379,,INSTRMNT_PRTCTN_ARRNGMNT_ASSGNMNT,PRTCTN_ARRNGMNT_RL,Y,NO ACTION,B1DDED66-18F0-68D2-B524-BC3780A6CFA6,593,80E42AFB-A1AC-5EC1-0D1F-99D6728307B9,620,98927EB5-9F25-AA8D-9BA5-FD2E00755D73,2206,6
INSTRMNT_RL_INSTRMNT_FK,D11405B3-AA41-4944-8935-17AEC9B5E9D9,547,FFCEECC9-9BA0-DA77-1ABF-072DFB8FC5BF,2380,,INSTRMNT_RL,INSTRMNT,Y,NO ACTION,D3BAFE8E-AC69-C4DA-D4D3-CA05A4FD4F88,594,F5A91258-A373-D78D-E32B-99F4DBE1A5B0,587,BF267E4F-1249-5DD1-3917-F00C68A19A60,2150,5
INTRNL_GRP_RL_GRP_FK,D11405B3-AA41-4944-8935-17AEC9B5E9D9,547,76F77BA9-EA5E-6053-970C-329FAEF4E592,2381,,INTRNL_GRP_RL,GRP,Y,NO ACTION,A315D1AA-DA18-43C7-3C48-810A571EB500,595,4CCC06A0-284F-0AA1-1EBC-8F2B8C8671A4,584,E2D7B286-6BC3-2AFB-F267-BDC3949BEF8F,2066,5
INVSTMNT_PRPRTY_TKN_PSSSSN_NN_FNNCL_ASST_FK,D11405B3-AA41-4944-8935-17AEC9B5E9D9,547,6D974451-9768-3285-8930-DA6B989D7BF6,2382,,INVSTMNT_PRPRTY_TKN_PSSSSN,NN_FNNCL_ASST,Y,NO ACTION,C4372A45-8C87-E4D0-53E5-C49E4BC3105E,597,0256C5AD-373E-23BD-D3DC-072C1475B1ED,612,243C4103-EC20-169E-19FB-3085828EDB30,2158,6
LN_AND_ADVNC_HDG_INSTRMNT_FK,D11405B3-AA41-4944-8935-17AEC9B5E9D9,547,9B5BDC43-234C-7038-AF0F-6FEF73043F04,2383,,LN_AND_ADVNC_HDG,INSTRMNT,Y,NO ACTION,F4CC67D9-00A1-248D-0F29-C9B2479F0552,599,F5A91258-A373-D78D-E32B-99F4DBE1A5B0,587,BF267E4F-1249-5DD1-3917-F00C68A19A60,2150,5
LNG_DBT_SCRTY_PSTN_ENCMBRNC_DRVD_DT_SCRTY_PSTN_FK,D11405B3-AA41-4944-8935-17AEC9B5E9D9,547,2BE7BF35-788C-F067-556B-ACD8EB9351D9,2384,,LNG_DBT_SCRTY_PSTN_ENCMBRNC_DRVD_DT,SCRTY_PSTN,Y,NO ACTION,197BA3EE-9336-6C70-809D-AC923D84AF9B,600,6E8409CE-B365-56A1-9B14-4CED755ECCAC,644,4F78EFF1-126B-A836-0970-69B163313CDF,2292,7
LNG_EQTY_FND_SCRTY_PSTN_ENCMBRNC_DT_SCRTY_PSTN_FK,D11405B3-AA41-4944-8935-17AEC9B5E9D9,547,B1EBDB3C-C8F5-A89F-69B2-91833684D9E9,2385,,LNG_EQTY_FND_SCRTY_PSTN_ENCMBRNC_DT,SCRTY_PSTN,Y,NO ACTION,3D71E2D2-3D1B-32CA-728B-0675A92F3BC1,601,6E8409CE-B365-56A1-9B14-4CED755ECCAC,644,4F78EFF1-126B-A836-0970-69B163313CDF,2292,7
LNG_SCRTY_PSTN_CLLTRL_RCVD_ASSGNMNT_CLLTRL_RL_FK,D11405B3-AA41-4944-8935-17AEC9B5E9D9,547,75403361-F9C8-8856-1ED4-2880AD6E3361,2386,,LNG_SCRTY_PSTN_CLLTRL_RCVD_ASSGNMNT,CLLTRL_RL,Y,NO ACTION,FF07B44E-D354-5513-0A4C-B0314C53D1C9,602,EC02DDF4-5AF2-BF90-6BE8-C39DA1D24CF0,556,59398B82-D347-AD52-7CD8-80882F023CD7,2144,6
LNG_SCRTY_PSTN_CLLTRL_RCVD_ASSGNMNT_SCRTY_PSTN_FK,D11405B3-AA41-4944-8935-17AEC9B5E9D9,547,0AC165B0-5D8A-3B3B-1854-2850AA4FA9BE,2387,,LNG_SCRTY_PSTN_CLLTRL_RCVD_ASSGNMNT,SCRTY_PSTN,Y,NO ACTION,FF07B44E-D354-5513-0A4C-B0314C53D1C9,602,6E8409CE-B365-56A1-9B14-4CED755ECCAC,644,4F78EFF1-126B-A836-0970-69B163313CDF,2292,7
LNG_SCRTY_PSTN_HDG_SCRTY_PSTN_FK,D11405B3-AA41-4944-8935-17AEC9B5E9D9,547,FA0FAFA9-1C27-D50C-7F8D-65C25FA08EFF,2388,,LNG_SCRTY_PSTN_HDG,SCRTY_PSTN,Y,NO ACTION,FF4660DA-2DDC-16A6-7C07-3B305C782E63,603,6E8409CE-B365-56A1-9B14-4CED755ECCAC,644,4F78EFF1-126B-A836-0970-69B163313CDF,2292,7
LNG_SCRTY_PSTN_PRDNTL_PRTFL_ASSGNMNT_ACCNTNG_CLSSFCTN_FNNCL_ASSTS_ASSGNMNT_LNG_SCRTY_PSTN_PRDNTL_PRTFL_ASSGNMNT_FK,D11405B3-AA41-4944-8935-17AEC9B5E9D9,547,50D69862-0362-3C92-8AD4-DC94CC9DA75D,2389,,LNG_SCRTY_PSTN_PRDNTL_PRTFL_ASSGNMNT_ACCNTNG_CLSSFCTN_FNNCL_ASSTS_ASSGNMNT,LNG_SCRTY_PSTN_PRDNTL_PRTFL_ASSGNMNT,Y,NO ACTION,AFA4B15C-53E2-AFC2-BAEA-345A61326344,605,D3D5AF5D-AC9D-6A71-A78A-AB0A737F28FE,604,2F93428E-54BE-4A98-5627-5AFAC0BB1DFF,2246,8
LNG_SCRTY_PSTN_PRDNTL_PRTFL_ASSGNMNT_RSK_DT_LNG_SCRTY_PSTN_PRDNTL_PRTFL_ASSGNMNT_FK,D11405B3-AA41-4944-8935-17AEC9B5E9D9,547,DE94ECC9-B5E1-76FA-7C95-98EDE3D7978D,2390,,LNG_SCRTY_PSTN_PRDNTL_PRTFL_ASSGNMNT_RSK_DT,LNG_SCRTY_PSTN_PRDNTL_PRTFL_ASSGNMNT,Y,NO ACTION,37DD4504-598F-59A6-7853-DA7286095948,606,D3D5AF5D-AC9D-6A71-A78A-AB0A737F28FE,604,2F93428E-54BE-4A98-5627-5AFAC0BB1DFF,2246,8
LNG_SCRTY_PSTN_PRDNTL_PRTFL_ASSGNMNT_SCRTY_PSTN_FK,D11405B3-AA41-4944-8935-17AEC9B5E9D9,547,8F411187-32D2-FAA5-334D-B979CA2F0CBC,2391,,LNG_SCRTY_PSTN_PRDNTL_PRTFL_ASSGNMNT,SCRTY_PSTN,Y,NO ACTION,D3D5AF5D-AC9D-6A71-A78A-AB0A737F28FE,604,6E8409CE-B365-56A1-9B14-4CED755ECCAC,644,4F78EFF1-126B-A836-0970-69B163313CDF,2292,7
LNG_SCRTY_PSTN_PRTCTN_ARRNGMNT_GVN_ASSGNMNT_PRTCTN_ARRNGMNT_RL_FK,D11405B3-AA41-4944-8935-17AEC9B5E9D9,547,6ABD7E78-70ED-B71F-453F-7D6D1A52D1C5,2392,,LNG_SCRTY_PSTN_PRTCTN_ARRNGMNT_GVN_ASSGNMNT,PRTCTN_ARRNGMNT_RL,Y,NO ACTION,5A16C28E-7D00-7836-C236-60C76DF2E865,607,80E42AFB-A1AC-5EC1-0D1F-99D6728307B9,620,98927EB5-9F25-AA8D-9BA5-FD2E00755D73,2206,6
LNG_SCRTY_PSTN_PRTCTN_ARRNGMNT_GVN_ASSGNMNT_SCRTY_PSTN_FK,D11405B3-AA41-4944-8935-17AEC9B5E9D9,547,65BA30F4-5413-D714-0D91-1E9B12553502,2393,,LNG_SCRTY_PSTN_PRTCTN_ARRNGMNT_GVN_ASSGNMNT,SCRTY_PSTN,Y,NO ACTION,5A16C28E-7D00-7836-C236-60C76DF2E865,607,6E8409CE-B365-56A1-9B14-4CED755ECCAC,644,4F78EFF1-126B-A836-0970-69B163313CDF,2292,7
LNKD_ENTRPRS_ASSGNMNT_ENTTY_RL_FK,D11405B3-AA41-4944-8935-17AEC9B5E9D9,547,F1DA6927-0730-FA58-2397-9B78F6927C5C,2394,,LNKD_ENTRPRS_ASSGNMNT,ENTTY_RL,Y,NO ACTION,B5BD2708-C86A-AD8B-ECE9-60FA805F598F,608,392D8B5E-AEE4-D5CD-E1DF-9BD705999553,571,8DFD9EC3-CBC5-891E-B5EB-40EA3D0A9067,2061,6
LNKD_ENTRPRS_ASSGNMNT_PRTY_FK,D11405B3-AA41-4944-8935-17AEC9B5E9D9,547,A099834B-0480-D8A0-0DDD-098D59ACA9D9,2395,,LNKD_ENTRPRS_ASSGNMNT,PRTY,Y,NO ACTION,B5BD2708-C86A-AD8B-ECE9-60FA805F598F,608,1ACFD7F9-3FA5-34F9-308E-DE73C42C36CD,623,09F6F791-ADCF-8DA2-3DE1-539AFD8356A4,2173,5
MSTR_AGRMNT_ENTTY_RL_ASSGNMNT_ENTTY_RL_FKv2,D11405B3-AA41-4944-8935-17AEC9B5E9D9,547,550D0E7B-54E5-F388-431B-C6C983402182,2396,,MSTR_AGRMNT_ENTTY_RL_ASSGNMNT,ENTTY_RL,Y,NO ACTION,EBB9CC20-06DE-811D-A116-83A58C5D0D03,610,392D8B5E-AEE4-D5CD-E1DF-9BD705999553,571,8DFD9EC3-CBC5-891E-B5EB-40EA3D0A9067,2061,6
MSTR_AGRMNT_ENTTY_RL_ASSGNMNT_MSTR_AGRMNT_FKv2,D11405B3-AA41-4944-8935-17AEC9B5E9D9,547,6F1E9018-B0CA-792C-00B2-880353FBE57C,2397,,MSTR_AGRMNT_ENTTY_RL_ASSGNMNT,MSTR_AGRMNT,Y,NO ACTION,EBB9CC20-06DE-811D-A116-83A58C5D0D03,610,6994DE1C-15EA-24D0-969A-9A1FB67632A7,609,E3267D1E-496F-4CA5-EBD4-D7C5D075A291,2195,5
MSTR_AGRMNT_FNNCL_CNTRCT_ASSGNMNT_FNNCL_CNTRCT_FK,D11405B3-AA41-4944-8935-17AEC9B5E9D9,547,54D516DB-9BFA-0074-10C4-89C63B10BA8D,2398,,MSTR_AGRMNT_FNNCL_CNTRCT_ASSGNMNT,FNNCL_CNTRCT,Y,NO ACTION,0F8DCBC4-5BC3-17E8-8CA6-6D984CFC6FAC,611,60979D29-0D6E-2BF9-9DCD-8EB1953DB316,580,DE17BF3D-F859-B3A7-B305-A88FCFE58C65,2076,5
MSTR_AGRMNT_FNNCL_CNTRCT_ASSGNMNT_MSTR_AGRMNT_FK,D11405B3-AA41-4944-8935-17AEC9B5E9D9,547,80E98EE5-C336-2808-0F04-740B5BC58C55,2399,,MSTR_AGRMNT_FNNCL_CNTRCT_ASSGNMNT,MSTR_AGRMNT,Y,NO ACTION,0F8DCBC4-5BC3-17E8-8CA6-6D984CFC6FAC,611,6994DE1C-15EA-24D0-969A-9A1FB67632A7,609,E3267D1E-496F-4CA5-EBD4-D7C5D075A291,2195,5
NTRL_PRSN_KY_MNGMNT_PRSNLL_ASSGNMNT_ENTTY_RL_FK,D11405B3-AA41-4944-8935-17AEC9B5E9D9,547,474E0A18-3E01-3573-9C9F-5DA1DD84F7C3,2400,,NTRL_PRSN_KY_MNGMNT_PRSNLL_ASSGNMNT,ENTTY_RL,Y,NO ACTION,DC748FE5-84C4-820B-3720-3663A585681A,614,392D8B5E-AEE4-D5CD-E1DF-9BD705999553,571,8DFD9EC3-CBC5-891E-B5EB-40EA3D0A9067,2061,6
NTRL_PRSN_KY_MNGMNT_PRSNLL_ASSGNMNT_PRTY_FK,D11405B3-AA41-4944-8935-17AEC9B5E9D9,547,2E8FAE72-7821-ED35-CF4C-E80E2D14DB36,2401,,NTRL_PRSN_KY_MNGMNT_PRSNLL_ASSGNMNT,PRTY,Y,NO ACTION,DC748FE5-84C4-820B-3720-3663A585681A,614,1ACFD7F9-3FA5-34F9-308E-DE73C42C36CD,623,09F6F791-ADCF-8DA2-3DE1-539AFD8356A4,2173,5
OTC_DRVTV_HDG_INSTRMNT_FK,D11405B3-AA41-4944-8935-17AEC9B5E9D9,547,FAD3ED86-5A42-F912-ED33-63B4DEAF64F3,2402,,OTC_DRVTV_HDG,INSTRMNT,Y,NO ACTION,451D5B19-B4B1-F4F1-A94E-C5A116FFEB14,615,F5A91258-A373-D78D-E32B-99F4DBE1A5B0,587,BF267E4F-1249-5DD1-3917-F00C68A19A60,2150,5
OTC_DRVTV_INSTRMNT_SNTHTC_SCRTSTN_ASSGNMNT_INSTRMNT_FK,D11405B3-AA41-4944-8935-17AEC9B5E9D9,547,0C050D52-DA61-3A0B-68A9-C98B501E0112,2403,,OTC_DRVTV_INSTRMNT_SNTHTC_SCRTSTN_ASSGNMNT,INSTRMNT,Y,NO ACTION,9DC92262-1750-E372-DDE8-402D17A259D8,616,F5A91258-A373-D78D-E32B-99F4DBE1A5B0,587,BF267E4F-1249-5DD1-3917-F00C68A19A60,2150,5
OTC_DRVTV_INSTRMNT_SNTHTC_SCRTSTN_ASSGNMNT_SNTHTC_SCRTSTN_FK,D11405B3-AA41-4944-8935-17AEC9B5E9D9,547,E53D90D7-D81C-D805-A626-D1B5054283DA,2404,,OTC_DRVTV_INSTRMNT_SNTHTC_SCRTSTN_ASSGNMNT,SNTHTC_SCRTSTN,Y,NO ACTION,9DC92262-1750-E372-DDE8-402D17A259D8,616,0B7D9123-D5B1-358F-B0BC-D37543665D97,649,E92AF889-A1D0-1154-5149-2FBD1D3AB5AF,2275,5
OTHR_PRTY_ID_PRTY_CD_FK,D11405B3-AA41-4944-8935-17AEC9B5E9D9,547,C1A9EF6D-0202-DD27-21AE-9227DB1E23D3,2405,,OTHR_PRTY_ID,PRTY_CD,Y,NO ACTION,A14A6DDF-9701-D473-BF37-7D24840195A3,617,8D6CE4C7-E1CB-8399-9049-3DAC1AC6278D,624,35956B3A-8534-8EAD-CB1A-B657020DBFC4,2208,6
PRPRTY_PLNT_EQPMNT_TKN_PSSSSN_NN_FNNCL_ASST_FK,D11405B3-AA41-4944-8935-17AEC9B5E9D9,547,8F6D178E-C9AD-E9D9-6EA6-979D95AE99B3,2406,,PRPRTY_PLNT_EQPMNT_TKN_PSSSSN,NN_FNNCL_ASST,Y,NO ACTION,CE8DC1D0-3CA5-D8B9-C3BB-334F4842F073,618,0256C5AD-373E-23BD-D3DC-072C1475B1ED,612,243C4103-EC20-169E-19FB-3085828EDB30,2158,6
PRTCTN_ARRNGMNT_RL_PRTCTN_ARRNGMNT_FK,D11405B3-AA41-4944-8935-17AEC9B5E9D9,547,65B3717A-7236-DE60-366D-9646D37BB263,2407,,PRTCTN_ARRNGMNT_RL,PRTCTN_ARRNGMNT,Y,NO ACTION,80E42AFB-A1AC-5EC1-0D1F-99D6728307B9,620,D95B2056-8A7D-EFE9-BBC5-AF446D7B5214,619,AE3018D8-2B78-2593-AFDF-A514B1C7D7DD,2254,5
PRTCTN_PRTCTN_PRVD_ASSGNMNT_ENTTY_RL_FK,D11405B3-AA41-4944-8935-17AEC9B5E9D9,547,52167BFD-05C6-2896-B89B-68F71D6E5FD5,2408,,PRTCTN_PRTCTN_PRVD_ASSGNMNT,ENTTY_RL,Y,NO ACTION,731C45F1-7A19-BB7A-1238-D08D2CCF28FD,621,392D8B5E-AEE4-D5CD-E1DF-9BD705999553,571,8DFD9EC3-CBC5-891E-B5EB-40EA3D0A9067,2061,6
PRTCTN_PRTCTN_PRVD_ASSGNMNT_PRTCTN_ARRNGMNT_FK,D11405B3-AA41-4944-8935-17AEC9B5E9D9,547,CDDD1903-196B-2523-2C55-E80886ECD7FD,2409,,PRTCTN_PRTCTN_PRVD_ASSGNMNT,PRTCTN_ARRNGMNT,Y,NO ACTION,731C45F1-7A19-BB7A-1238-D08D2CCF28FD,621,D95B2056-8A7D-EFE9-BBC5-AF446D7B5214,619,AE3018D8-2B78-2593-AFDF-A514B1C7D7DD,2254,5
PRTNR_ENTRPRS_ASSGNMNT_ENTTY_RL_FK,D11405B3-AA41-4944-8935-17AEC9B5E9D9,547,79C6F690-A087-EB8C-8BF3-7BFFB4BEF450,2410,,PRTNR_ENTRPRS_ASSGNMNT,ENTTY_RL,Y,NO ACTION,D367E546-D09F-D80A-A0DB-BB637E8A0867,622,392D8B5E-AEE4-D5CD-E1DF-9BD705999553,571,8DFD9EC3-CBC5-891E-B5EB-40EA3D0A9067,2061,6
PRTNR_ENTRPRS_ASSGNMNT_PRTY_FK,D11405B3-AA41-4944-8935-17AEC9B5E9D9,547,5AD82C9D-FC27-2F02-F9A2-60F6C9686B92,2411,,PRTNR_ENTRPRS_ASSGNMNT,PRTY,Y,NO ACTION,D367E546-D09F-D80A-A0DB-BB637E8A0867,622,1ACFD7F9-3FA5-34F9-308E-DE73C42C36CD,623,09F6F791-ADCF-8DA2-3DE1-539AFD8356A4,2173,5
PRTY_CD_PRTY_FK,D11405B3-AA41-4944-8935-17AEC9B5E9D9,547,0530905D-139B-A4D7-C841-9F1B750E1747,2412,,PRTY_CD,PRTY,Y,NO ACTION,8D6CE4C7-E1CB-8399-9049-3DAC1AC6278D,624,1ACFD7F9-3FA5-34F9-308E-DE73C42C36CD,623,09F6F791-ADCF-8DA2-3DE1-539AFD8356A4,2173,5
PRTY_GRP_FK,D11405B3-AA41-4944-8935-17AEC9B5E9D9,547,AE15A640-2AD1-1D46-4797-96A6029DA7D4,2413,,PRTY,GRP,Y,NO ACTION,1ACFD7F9-3FA5-34F9-308E-DE73C42C36CD,623,4CCC06A0-284F-0AA1-1EBC-8F2B8C8671A4,584,E2D7B286-6BC3-2AFB-F267-BDC3949BEF8F,2066,5
PRTY_PRTY_FK,D11405B3-AA41-4944-8935-17AEC9B5E9D9,547,F874E61F-8697-2CA1-E66A-7B987D6E975B,2414,,PRTY,PRTY,Y,NO ACTION,1ACFD7F9-3FA5-34F9-308E-DE73C42C36CD,623,1ACFD7F9-3FA5-34F9-308E-DE73C42C36CD,623,09F6F791-ADCF-8DA2-3DE1-539AFD8356A4,2173,5
PRTY_PRTY_FKv2,D11405B3-AA41-4944-8935-17AEC9B5E9D9,547,69693FCA-C916-5F5C-6EDA-97C5EC210F41,2415,,PRTY,PRTY,Y,NO ACTION,1ACFD7F9-3FA5-34F9-308E-DE73C42C36CD,623,1ACFD7F9-3FA5-34F9-308E-DE73C42C36CD,623,09F6F791-ADCF-8DA2-3DE1-539AFD8356A4,2173,5
PRTY_PRVS_PRD_DT_PRTY_FK,D11405B3-AA41-4944-8935-17AEC9B5E9D9,547,735379F9-58DC-F877-DA0D-398AF9B3C436,2416,,PRTY_PRVS_PRD_DT,PRTY,Y,NO ACTION,C5017AB4-306F-A833-B62F-26584AB6688A,625,1ACFD7F9-3FA5-34F9-308E-DE73C42C36CD,623,09F6F791-ADCF-8DA2-3DE1-539AFD8356A4,2173,5
RPRCHS_AGRMNT_CMPNNT_INSTRMNT_FK,D11405B3-AA41-4944-8935-17AEC9B5E9D9,547,92F0FAB7-174C-D2FA-4CBB-EF3C11D539F6,2417,,RPRCHS_AGRMNT_CMPNNT,INSTRMNT,Y,NO ACTION,6C99AE47-5CD6-648D-093C-E28909B14490,626,F5A91258-A373-D78D-E32B-99F4DBE1A5B0,587,BF267E4F-1249-5DD1-3917-F00C68A19A60,2150,5
RPRCHS_AGRMNT_CMPNNT_INSTRMNT_FKv3,D11405B3-AA41-4944-8935-17AEC9B5E9D9,547,53423C79-E143-1FE8-E9CA-EC951604FDC4,2418,,RPRCHS_AGRMNT_CMPNNT,INSTRMNT,Y,NO ACTION,6C99AE47-5CD6-648D-093C-E28909B14490,626,F5A91258-A373-D78D-E32B-99F4DBE1A5B0,587,BF267E4F-1249-5DD1-3917-F00C68A19A60,2150,5
RSK_FAC_SA_ENTTY_RL_FK,D11405B3-AA41-4944-8935-17AEC9B5E9D9,547,78A6E77C-92C8-87BB-2797-CC8D6A5EC9A6,2419,,RSK_FAC_SA,ENTTY_RL,Y,NO ACTION,E80EE1C7-1EFC-1B9A-6BD4-25759D140E95,627,392D8B5E-AEE4-D5CD-E1DF-9BD705999553,571,8DFD9EC3-CBC5-891E-B5EB-40EA3D0A9067,2061,6
RSK_FAC_SA_SCRTY_EXCHNG_TRDBL_DRVTV_FKv2,D11405B3-AA41-4944-8935-17AEC9B5E9D9,547,2C517692-F8F7-008B-24E3-DECC44A22BBD,2420,,RSK_FAC_SA,SCRTY_EXCHNG_TRDBL_DRVTV,Y,NO ACTION,E80EE1C7-1EFC-1B9A-6BD4-25759D140E95,627,6F6ADD10-00B2-A507-DFB5-144E00BF53C8,641,A00B3557-EE41-38A7-5DE1-937F38CD0383,2199,5
RTNG_AGNCY_EXCSS_MTHDLGY_CVRD_BND_PRGRMM_ASSGNMNT_CVRD_BND_PRGRM_FK,D11405B3-AA41-4944-8935-17AEC9B5E9D9,547,F731EAE0-29EA-92C0-10DD-AF0294257C49,2421,,RTNG_AGNCY_EXCSS_MTHDLGY_CVRD_BND_PRGRMM_ASSGNMNT,CVRD_BND_PRGRM,Y,NO ACTION,0451E4F5-EFCC-DD07-E6BB-D55D63EF017D,629,92730B66-9CDD-7491-83E6-6487AB4AB679,565,E1CE558F-5904-EF99-2977-5E76D3E083D9,2092,5
RTNG_AGNCY_EXCSS_MTHDLGY_CVRD_BND_PRGRMM_ASSGNMNT_RTNG_AGNCY_FK,D11405B3-AA41-4944-8935-17AEC9B5E9D9,547,69D4E485-F6FA-B6C8-E2DF-357F66367E45,2422,,RTNG_AGNCY_EXCSS_MTHDLGY_CVRD_BND_PRGRMM_ASSGNMNT,RTNG_AGNCY,Y,NO ACTION,0451E4F5-EFCC-DD07-E6BB-D55D63EF017D,629,E3F74E64-ACCF-1EF5-EED8-1B0956FAB89A,628,82317AA7-6584-AF72-2135-5807D2504ED2,2258,1
RTNG_GRD_CNTRL_BNK_PRVT_SCTR_CMPN_ASSGNMNT_PRTY_FK,D11405B3-AA41-4944-8935-17AEC9B5E9D9,547,1B9DD32A-105A-8A38-637A-08390FB4CFD2,2423,,RTNG_GRD_CNTRL_BNK_PRVT_SCTR_CMPN_ASSGNMNT,PRTY,Y,NO ACTION,D793192F-1333-D6AA-CB5A-A689A3DA0BE8,631,1ACFD7F9-3FA5-34F9-308E-DE73C42C36CD,623,09F6F791-ADCF-8DA2-3DE1-539AFD8356A4,2173,5
RTNG_GRD_CNTRL_BNK_PRVT_SCTR_CMPN_ASSGNMNT_RTNG_GRD_FK,D11405B3-AA41-4944-8935-17AEC9B5E9D9,547,6FC6C67B-AA9C-FA78-19A4-EA4830E62C95,2424,,RTNG_GRD_CNTRL_BNK_PRVT_SCTR_CMPN_ASSGNMNT,RTNG_GRD,Y,NO ACTION,D793192F-1333-D6AA-CB5A-A689A3DA0BE8,631,3BDF76B4-0FC8-FB41-DE28-009464FDD5C7,630,1CC0F395-434C-0EDC-34E1-A86AF072E758,2179,3
RTNG_GRD_CNTRY_ASSGNMNT_RTNG_GRD_FK,D11405B3-AA41-4944-8935-17AEC9B5E9D9,547,74E7737A-6941-0E08-CF09-B2A800547408,2425,,RTNG_GRD_CNTRY_ASSGNMNT,RTNG_GRD,Y,NO ACTION,800D5C9C-05BD-292D-5996-9DFE76FE1282,632,3BDF76B4-0FC8-FB41-DE28-009464FDD5C7,630,1CC0F395-434C-0EDC-34E1-A86AF072E758,2179,3
RTNG_GRD_ISS_BSD_RTNG_SSTM_DBT_SCRTY_ASSGNMNT_RTNG_GRD_FK,D11405B3-AA41-4944-8935-17AEC9B5E9D9,547,6E6BB0F4-BE02-149A-5F59-765D6F9C3C95,2426,,RTNG_GRD_ISS_BSD_RTNG_SSTM_DBT_SCRTY_ASSGNMNT,RTNG_GRD,Y,NO ACTION,ADF91545-7CC7-A9C6-F0CD-C85A0E4746D7,633,3BDF76B4-0FC8-FB41-DE28-009464FDD5C7,630,1CC0F395-434C-0EDC-34E1-A86AF072E758,2179,3
RTNG_GRD_ISS_BSD_RTNG_SSTM_DBT_SCRTY_ASSGNMNT_SCRTY_EXCHNG_TRDBL_DRVTV_FK,D11405B3-AA41-4944-8935-17AEC9B5E9D9,547,1C4389A7-AF3F-7D30-C27A-D500DD27FEE9,2427,,RTNG_GRD_ISS_BSD_RTNG_SSTM_DBT_SCRTY_ASSGNMNT,SCRTY_EXCHNG_TRDBL_DRVTV,Y,NO ACTION,ADF91545-7CC7-A9C6-F0CD-C85A0E4746D7,633,6F6ADD10-00B2-A507-DFB5-144E00BF53C8,641,A00B3557-EE41-38A7-5DE1-937F38CD0383,2199,5
RTNG_GRD_RTNG_SYSTM_FKv2,D11405B3-AA41-4944-8935-17AEC9B5E9D9,547,5B3A421F-599E-DE4E-BCFC-8BA0F6F9EA37,2428,,RTNG_GRD,RTNG_SYSTM,Y,NO ACTION,3BDF76B4-0FC8-FB41-DE28-009464FDD5C7,630,9CC80512-6E0F-EB4E-5D6C-39F8F6B44D28,634,5133D625-12A3-01E9-E8CF-43E32274495A,2211,2
RTNG_SYSTM_APPLD_LGL_PRSN_PRTY_FK,D11405B3-AA41-4944-8935-17AEC9B5E9D9,547,F2A04D39-6CCB-7D4A-D76C-AAF730B1E8DF,2429,,RTNG_SYSTM_APPLD_LGL_PRSN,PRTY,Y,NO ACTION,E70C5F01-C038-B6EE-B4F0-8382E10D796F,635,1ACFD7F9-3FA5-34F9-308E-DE73C42C36CD,623,09F6F791-ADCF-8DA2-3DE1-539AFD8356A4,2173,5
RTNG_SYSTM_APPLD_LGL_PRSN_RTNG_SYSTM_FK,D11405B3-AA41-4944-8935-17AEC9B5E9D9,547,0AD3D98F-7932-9D74-BB8E-F4AA1D133BB3,2430,,RTNG_SYSTM_APPLD_LGL_PRSN,RTNG_SYSTM,Y,NO ACTION,E70C5F01-C038-B6EE-B4F0-8382E10D796F,635,9CC80512-6E0F-EB4E-5D6C-39F8F6B44D28,634,5133D625-12A3-01E9-E8CF-43E32274495A,2211,2
RTNG_SYSTM_RTNG_AGNCY_FK,D11405B3-AA41-4944-8935-17AEC9B5E9D9,547,FC8A5A81-03A4-9A25-3794-8095C9C2AF6F,2431,,RTNG_SYSTM,RTNG_AGNCY,Y,NO ACTION,9CC80512-6E0F-EB4E-5D6C-39F8F6B44D28,634,E3F74E64-ACCF-1EF5-EED8-1B0956FAB89A,628,82317AA7-6584-AF72-2135-5807D2504ED2,2258,1
SBSDRY_JNT_VNTR_ASSCT_OTHR_ORGNSTN_ASSGNMNT_ENTTY_RL_FKv3,D11405B3-AA41-4944-8935-17AEC9B5E9D9,547,0F0722D2-44C0-DD71-01C0-A85AA28F9CDE,2432,,SBSDRY_JNT_VNTR_ASSCT_OTHR_ORGNSTN_ASSGNMNT,ENTTY_RL,Y,NO ACTION,BD356627-B01C-4CA9-2D25-134BF866231E,636,392D8B5E-AEE4-D5CD-E1DF-9BD705999553,571,8DFD9EC3-CBC5-891E-B5EB-40EA3D0A9067,2061,6
SBSDRY_JNT_VNTR_ASSCT_OTHR_ORGNSTN_ASSGNMNT_GRP_FKv2,D11405B3-AA41-4944-8935-17AEC9B5E9D9,547,07DDFBFF-95FD-B471-7A61-2DC246AD216B,2433,,SBSDRY_JNT_VNTR_ASSCT_OTHR_ORGNSTN_ASSGNMNT,GRP,Y,NO ACTION,BD356627-B01C-4CA9-2D25-134BF866231E,636,4CCC06A0-284F-0AA1-1EBC-8F2B8C8671A4,584,E2D7B286-6BC3-2AFB-F267-BDC3949BEF8F,2066,5
SCRTY_BRRWNG_CMPNNT_SCRTY_CLLTRL_ASSGNMNT_CLLTRL_FK,D11405B3-AA41-4944-8935-17AEC9B5E9D9,547,57CE02F5-78B2-8980-52CC-DEB353FF9A2A,2434,,SCRTY_BRRWNG_CMPNNT_SCRTY_CLLTRL_ASSGNMNT,CLLTRL,Y,NO ACTION,5435A059-6973-ADF7-69EB-7FB3B97F1FB9,637,66571B42-D25D-1CCE-0AB9-7565742DF2AF,554,664FAD89-608E-04CA-8ED9-32378D5193B3,2081,5
SCRTY_BRRWNG_CMPNNT_SCRTY_CLLTRL_ASSGNMNT_SCTRY_BRRWNG_LNDNG_TRNSCTN_INCLDNG_CSH_CLLTRL_FKv2,D11405B3-AA41-4944-8935-17AEC9B5E9D9,547,B010CF55-61AE-E95D-1097-84FC6C792767,2435,,SCRTY_BRRWNG_CMPNNT_SCRTY_CLLTRL_ASSGNMNT,SCRTY_BRRWNG_LNDNG_TRNSCTN_INCLDNG_CSH_CLLTRL,Y,NO ACTION,5435A059-6973-ADF7-69EB-7FB3B97F1FB9,637,D422198E-B6F0-B09F-080D-73B3421BF395,638,6F134C25-6158-2D14-7A12-5931E5B7766E,2302,5
SCRTY_CLLTRL_LNDNG_CMPNNT_SCRTY_CLLTRL_ASSGNMNT_CLLTRL_FK,D11405B3-AA41-4944-8935-17AEC9B5E9D9,547,E57D472F-C38E-942F-9D55-D134D8BB47D2,2436,,SCRTY_CLLTRL_LNDNG_CMPNNT_SCRTY_CLLTRL_ASSGNMNT,CLLTRL,Y,NO ACTION,5A21B74A-90F0-7F96-CE60-746BA413D4D1,639,66571B42-D25D-1CCE-0AB9-7565742DF2AF,554,664FAD89-608E-04CA-8ED9-32378D5193B3,2081,5
SCRTY_CLLTRL_LNDNG_CMPNNT_SCRTY_CLLTRL_ASSGNMNT_SCTRY_BRRWNG_LNDNG_TRNSCTN_INCLDNG_CSH_CLLTRL_FKv2,D11405B3-AA41-4944-8935-17AEC9B5E9D9,547,34DCCC1C-A59B-DF74-4C24-D031DA1CF861,2437,,SCRTY_CLLTRL_LNDNG_CMPNNT_SCRTY_CLLTRL_ASSGNMNT,SCRTY_BRRWNG_LNDNG_TRNSCTN_INCLDNG_CSH_CLLTRL,Y,NO ACTION,5A21B74A-90F0-7F96-CE60-746BA413D4D1,639,D422198E-B6F0-B09F-080D-73B3421BF395,638,6F134C25-6158-2D14-7A12-5931E5B7766E,2302,5
SCRTY_ENTTY_RL_ASSGNMNT_ENTTY_RL_FK,D11405B3-AA41-4944-8935-17AEC9B5E9D9,547,040341BA-815C-444C-D4FF-CFE7880901BB,2438,,SCRTY_ENTTY_RL_ASSGNMNT,ENTTY_RL,Y,NO ACTION,08845803-18B2-9B9D-33D6-B52AA7251E4F,640,392D8B5E-AEE4-D5CD-E1DF-9BD705999553,571,8DFD9EC3-CBC5-891E-B5EB-40EA3D0A9067,2061,6
SCRTY_ENTTY_RL_ASSGNMNT_SCRTY_EXCHNG_TRDBL_DRVTV_FKv2,D11405B3-AA41-4944-8935-17AEC9B5E9D9,547,8964A793-C4B6-3882-46DF-28159011D8AF,2439,,SCRTY_ENTTY_RL_ASSGNMNT,SCRTY_EXCHNG_TRDBL_DRVTV,Y,NO ACTION,08845803-18B2-9B9D-33D6-B52AA7251E4F,640,6F6ADD10-00B2-A507-DFB5-144E00BF53C8,641,A00B3557-EE41-38A7-5DE1-937F38CD0383,2199,5
SCRTY_HDGD_EXCHNG_TRDBL_DRVTV_EXCHNG_TRDBL_DRVTV_PSTN_RL_FK,D11405B3-AA41-4944-8935-17AEC9B5E9D9,547,A97AABED-DCFA-55EC-5F4B-4B6F12532189,2440,,SCRTY_HDGD_EXCHNG_TRDBL_DRVTV,EXCHNG_TRDBL_DRVTV_PSTN_RL,Y,NO ACTION,1A6CA026-7437-2F5B-F24E-B055C5FD1D06,642,B721A848-D94B-3E91-A092-77F932D36700,576,80D321A1-E5ED-400F-4559-F1ACFD2F1790,2114,10
SCRTY_HDGD_EXCHNG_TRDBL_DRVTV_LNG_SCRTY_PSTN_PRDNTL_PRTFL_ASSGNMNT_FK,D11405B3-AA41-4944-8935-17AEC9B5E9D9,547,BACD9A4F-339E-009E-779E-C21B6D0BAAEA,2441,,SCRTY_HDGD_EXCHNG_TRDBL_DRVTV,LNG_SCRTY_PSTN_PRDNTL_PRTFL_ASSGNMNT,Y,NO ACTION,1A6CA026-7437-2F5B-F24E-B055C5FD1D06,642,D3D5AF5D-AC9D-6A71-A78A-AB0A737F28FE,604,2F93428E-54BE-4A98-5627-5AFAC0BB1DFF,2246,8
SCRTY_LNDNG_CMPNNT_SCRTY_ASSGNMNT_SCRTY_EXCHNG_TRDBL_DRVTV_FK,D11405B3-AA41-4944-8935-17AEC9B5E9D9,547,EE8932A0-9946-B942-D6AD-D7D63D252A54,2442,,SCRTY_LNDNG_CMPNNT_SCRTY_ASSGNMNT,SCRTY_EXCHNG_TRDBL_DRVTV,Y,NO ACTION,D5B5FEC9-82CF-B293-139F-8AA4BB025D39,643,6F6ADD10-00B2-A507-DFB5-144E00BF53C8,641,A00B3557-EE41-38A7-5DE1-937F38CD0383,2199,5
SCRTY_LNDNG_CMPNNT_SCRTY_ASSGNMNT_SCTRY_BRRWNG_LNDNG_TRNSCTN_INCLDNG_CSH_CLLTRL_FKv2,D11405B3-AA41-4944-8935-17AEC9B5E9D9,547,0FB96A1D-C79A-D620-2AD1-E46069F57C69,2443,,SCRTY_LNDNG_CMPNNT_SCRTY_ASSGNMNT,SCRTY_BRRWNG_LNDNG_TRNSCTN_INCLDNG_CSH_CLLTRL,Y,NO ACTION,D5B5FEC9-82CF-B293-139F-8AA4BB025D39,643,D422198E-B6F0-B09F-080D-73B3421BF395,638,6F134C25-6158-2D14-7A12-5931E5B7766E,2302,5
SCRTY_PSTN_ENTTY_RL_FK,D11405B3-AA41-4944-8935-17AEC9B5E9D9,547,566FBA8F-89CF-451B-034B-55B983B433BF,2444,,SCRTY_PSTN,ENTTY_RL,Y,NO ACTION,6E8409CE-B365-56A1-9B14-4CED755ECCAC,644,392D8B5E-AEE4-D5CD-E1DF-9BD705999553,571,8DFD9EC3-CBC5-891E-B5EB-40EA3D0A9067,2061,6
SCRTY_PSTN_HDGD_OTC_DRVTV_LNG_SCRTY_PSTN_PRDNTL_PRTFL_ASSGNMNT_FK,D11405B3-AA41-4944-8935-17AEC9B5E9D9,547,376DD01C-51E2-F6E2-85C2-53D836C9690D,2445,,SCRTY_PSTN_HDGD_OTC_DRVTV,LNG_SCRTY_PSTN_PRDNTL_PRTFL_ASSGNMNT,Y,NO ACTION,79860FC0-DEC4-5204-71F0-D58AB6A43D14,645,D3D5AF5D-AC9D-6A71-A78A-AB0A737F28FE,604,2F93428E-54BE-4A98-5627-5AFAC0BB1DFF,2246,8
SCRTY_PSTN_HDGD_OTC_DRVTV_OTC_DRVTV_HDG_FK,D11405B3-AA41-4944-8935-17AEC9B5E9D9,547,7A06C47D-78CF-C608-D922-E09CE5685C1B,2446,,SCRTY_PSTN_HDGD_OTC_DRVTV,OTC_DRVTV_HDG,Y,NO ACTION,79860FC0-DEC4-5204-71F0-D58AB6A43D14,645,451D5B19-B4B1-F4F1-A94E-C5A116FFEB14,615,8CA7EB8B-9232-84D2-F631-6EDE2770937F,2183,5
SCRTY_PSTN_SCRTY_EXCHNG_TRDBL_DRVTV_FK,D11405B3-AA41-4944-8935-17AEC9B5E9D9,547,6D91808D-AEA1-1AFC-D0F0-5F7EC28A1F17,2447,,SCRTY_PSTN,SCRTY_EXCHNG_TRDBL_DRVTV,Y,NO ACTION,6E8409CE-B365-56A1-9B14-4CED755ECCAC,644,6F6ADD10-00B2-A507-DFB5-144E00BF53C8,641,A00B3557-EE41-38A7-5DE1-937F38CD0383,2199,5
SCRTY_SCRTY_RPRCHS_AGRMNT_CMPNNT_ASSGNMNT_CLLTRL_FK,D11405B3-AA41-4944-8935-17AEC9B5E9D9,547,0F48D07A-AF22-FEF9-A359-A2C40A7F8D83,2448,,SCRTY_SCRTY_RPRCHS_AGRMNT_CMPNNT_ASSGNMNT,CLLTRL,Y,NO ACTION,B193CC55-A307-BCF6-910D-4D2A5FBA56A5,646,66571B42-D25D-1CCE-0AB9-7565742DF2AF,554,664FAD89-608E-04CA-8ED9-32378D5193B3,2081,5
SCRTY_SCRTY_RPRCHS_AGRMNT_CMPNNT_ASSGNMNT_RPRCHS_AGRMNT_CMPNNT_FK,D11405B3-AA41-4944-8935-17AEC9B5E9D9,547,3B8D73CC-18DA-3E93-5DEA-5108C7F4AD84,2449,,SCRTY_SCRTY_RPRCHS_AGRMNT_CMPNNT_ASSGNMNT,RPRCHS_AGRMNT_CMPNNT,Y,NO ACTION,B193CC55-A307-BCF6-910D-4D2A5FBA56A5,646,6C99AE47-5CD6-648D-093C-E28909B14490,626,16ED717A-E1BC-C9D7-CE8E-BDEF586FB693,2196,6
SCTRY_BRRWNG_LNDNG_TRNSCTN_INCLDNG_CSH_CLLTRL_INSTRMNT_FK,D11405B3-AA41-4944-8935-17AEC9B5E9D9,547,401C763E-BA9A-1E51-FDB5-A22EA644ED52,2450,,SCRTY_BRRWNG_LNDNG_TRNSCTN_INCLDNG_CSH_CLLTRL,INSTRMNT,Y,NO ACTION,D422198E-B6F0-B09F-080D-73B3421BF395,638,F5A91258-A373-D78D-E32B-99F4DBE1A5B0,587,BF267E4F-1249-5DD1-3917-F00C68A19A60,2150,5
SHRT_SCRTY_PSTN_PRDNTL_PRTFL_ASSGNMNT_SCRTY_PSTN_FK,D11405B3-AA41-4944-8935-17AEC9B5E9D9,547,C8F45C0C-B8E1-4C3E-3E2B-AA1011FA9953,2451,,SHRT_SCRTY_PSTN_PRDNTL_PRTFL_ASSGNMNT,SCRTY_PSTN,Y,NO ACTION,1650C6D8-E520-132B-945E-50ED0B67A4C3,648,6E8409CE-B365-56A1-9B14-4CED755ECCAC,644,4F78EFF1-126B-A836-0970-69B163313CDF,2292,7
SNTHTC_SCRTSTN_ASST_PL_FK,D11405B3-AA41-4944-8935-17AEC9B5E9D9,547,48774942-DCEE-D42C-DAD8-55D4CE9B93AF,2452,,SNTHTC_SCRTSTN,ASST_PL,Y,NO ACTION,0B7D9123-D5B1-358F-B0BC-D37543665D97,649,D34AE4EE-C7C3-F8F9-E1EC-2243E70721C2,548,33FCD958-BDA0-894A-C7B9-D530CE08420E,2126,5
TRDTNL_SCRTSTN_ASST_PL_FK,D11405B3-AA41-4944-8935-17AEC9B5E9D9,547,EE8908FA-9DB5-BECF-4DBD-4CF0B83F7CB7,2453,,TRDTNL_SCRTSTN,ASST_PL,Y,NO ACTION,1FF95978-EB07-2ADB-6690-073BC711FF9C,651,D34AE4EE-C7C3-F8F9-E1EC-2243E70721C2,548,33FCD958-BDA0-894A-C7B9-D530CE08420E,2126,5
TRDTNL_SCRTSTN_CRDT_FCLTY_FK,D11405B3-AA41-4944-8935-17AEC9B5E9D9,547,FC822454-7BE3-670D-652B-2BCF431B2F38,2454,,TRDTNL_SCRTSTN,CRDT_FCLTY,Y,NO ACTION,1FF95978-EB07-2ADB-6690-073BC711FF9C,651,E2187E78-47F0-6162-904B-FA943C892859,557,95E4C7B8-F90A-ACDD-4690-F7C1AB6EE27F,2136,5
TRNCH_SYNTHTC_SCRTSTN_WTHT_SSPE_DPST_INSTRMNT_FK,D11405B3-AA41-4944-8935-17AEC9B5E9D9,547,2B1A57FE-5905-4056-ED19-63662D27E075,2455,,TRNCH_SYNTHTC_SCRTSTN_WTHT_SSPE_DPST,INSTRMNT,Y,NO ACTION,578755E4-4016-78AA-3DFA-D403F5E00F15,652,F5A91258-A373-D78D-E32B-99F4DBE1A5B0,587,BF267E4F-1249-5DD1-3917-F00C68A19A60,2150,5
TRNCH_SYNTHTC_SCRTSTN_WTHT_SSPE_DPST_SNTHTC_SCRTSTN_FK,D11405B3-AA41-4944-8935-17AEC9B5E9D9,547,E679D81A-565C-F4AB-5142-2FECD8C6197E,2456,,TRNCH_SYNTHTC_SCRTSTN_WTHT_SSPE_DPST,SNTHTC_SCRTSTN,Y,NO ACTION,578755E4-4016-78AA-3DFA-D403F5E00F15,652,0B7D9123-D5B1-358F-B0BC-D37543665D97,649,E92AF889-A1D0-1154-5149-2FBD1D3AB5AF,2275,5
TRNCH_SYNTHTC_SCRTSTN_WTHT_SSPE_FNNCL_GRNT_INSTRMNT_FK,D11405B3-AA41-4944-8935-17AEC9B5E9D9,547,5DCE9238-C544-7643-0B46-0F5519F318A8,2457,,TRNCH_SYNTHTC_SCRTSTN_WTHT_SSPE_FNNCL_GRNT,INSTRMNT,Y,NO ACTION,6861DF40-FA24-57E9-16B6-04E4BE68D79C,653,F5A91258-A373-D78D-E32B-99F4DBE1A5B0,587,BF267E4F-1249-5DD1-3917-F00C68A19A60,2150,5
TRNCH_SYNTHTC_SCRTSTN_WTHT_SSPE_FNNCL_GRNT_SNTHTC_SCRTSTN_FK,D11405B3-AA41-4944-8935-17AEC9B5E9D9,547,9577CEC6-C445-6A7B-5528-10CF75ACAB10,2458,,TRNCH_SYNTHTC_SCRTSTN_WTHT_SSPE_FNNCL_GRNT,SNTHTC_SCRTSTN,Y,NO ACTION,6861DF40-FA24-57E9-16B6-04E4BE68D79C,653,0B7D9123-D5B1-358F-B0BC-D37543665D97,649,E92AF889-A1D0-1154-5149-2FBD1D3AB5AF,2275,5
TRNCH_TRDTNL_SCRTSTN_SCRTY_EXCHNG_TRDBL_DRVTV_FK,D11405B3-AA41-4944-8935-17AEC9B5E9D9,547,D89CBC12-2A83-D092-F98E-1606705E11C0,2459,,TRNCH_TRDTNL_SCRTSTN,SCRTY_EXCHNG_TRDBL_DRVTV,Y,NO ACTION,E84635B4-F76C-6345-E576-CE2E55EBF292,654,6F6ADD10-00B2-A507-DFB5-144E00BF53C8,641,A00B3557-EE41-38A7-5DE1-937F38CD0383,2199,5
TRNCH_TRDTNL_SCRTSTN_TRDTNL_SCRTSTN_FK,D11405B3-AA41-4944-8935-17AEC9B5E9D9,547,F9C751DF-106F-0B31-AA41-77EF8BA7CA61,2460,,TRNCH_TRDTNL_SCRTSTN,TRDTNL_SCRTSTN,Y,NO ACTION,E84635B4-F76C-6345-E576-CE2E55EBF292,654,1FF95978-EB07-2ADB-6690-073BC711FF9C,651,28E405FC-BA3B-4196-C71F-429CFFDEB3E4,2280,5
TRNSFRRD_ASST_LG_INSTRMNT_ASSGNMNT_INSTRMNT_FK,D11405B3-AA41-4944-8935-17AEC9B5E9D9,547,08CCA379-FA1D-6AB2-852F-94E363BC3BE9,2461,,TRNSFRRD_ASST_LG_INSTRMNT_ASSGNMNT,INSTRMNT,Y,NO ACTION,59C7508A-8095-93CA-0CE3-7E871D9557D5,655,F5A91258-A373-D78D-E32B-99F4DBE1A5B0,587,BF267E4F-1249-5DD1-3917-F00C68A19A60,2150,5
TRNSFRRD_ASST_LG_INSTRMNT_ASSGNMNT_RPRCHS_AGRMNT_CMPNNT_FK,D11405B3-AA41-4944-8935-17AEC9B5E9D9,547,3877F4F0-13B4-E9F4-DE28-A09178389B8D,2462,,TRNSFRRD_ASST_LG_INSTRMNT_ASSGNMNT,RPRCHS_AGRMNT_CMPNNT,Y,NO ACTION,59C7508A-8095-93CA-0CE3-7E871D9557D5,655,6C99AE47-5CD6-648D-093C-E28909B14490,626,16ED717A-E1BC-C9D7-CE8E-BDEF586FB693,2196,6
