Table_Name,ObjectID,NumOID,ImportID,ModelID,Num_ModelID,Structured_Type_ID,Num_Structured_Type_ID,Structured_Type_Name,Number_Data_Elements,Classification_Type,Allow_Type_Substitution,Min_Volume,Expected_Volume,Max_Volume,Growth_Rate_Percents,Growth_Rate_Interval,Normal_Form,Temporary_Object_Scope,Adequately_Normalized,Substitution_Parent,Num_Substitution_Parent,Engineer,Spatial_Table,OID_is_PK,OID_is_User_Defined,Include_Scripts_Into_DDL
ASST_PL,D34AE4EE-C7C3-F8F9-E1EC-2243E70721C2,548,,D11405B3-AA41-4944-8935-17AEC9B5E9D9,547,,,,12,A0CBE5B5-15E4-B4F0-F88E-E83729225A42,Y,0,0,9999999,0,Year,Third,,N,,,Y,N,N,Y,N
ASST_PL_CLLTRL_RCVD_ASSGNMNT,2C050231-373E-2E46-4347-EF6AB1298BB3,549,,D11405B3-AA41-4944-8935-17AEC9B5E9D9,547,,,,8,A0CBE5B5-15E4-B4F0-F88E-E83729225A42,Y,0,0,9999999,0,Year,Third,,N,,,Y,N,N,Y,N
ASST_PL_DBT_SCRTY_PSTN_ASSGNMNT,936229AA-54D6-9D52-6ACC-9D2D22113E9A,550,,D11405B3-AA41-4944-8935-17AEC9B5E9D9,547,,,,9,A0CBE5B5-15E4-B4F0-F88E-E83729225A42,Y,0,0,9999999,0,Year,Third,,N,,,Y,N,N,Y,N
ASST_PL_EXCHNG_TRDBL_DRVTV_PSTN_ASSGNMNT,F23F6EB9-6031-C1AA-2010-F136DA89C472,551,,D11405B3-AA41-4944-8935-17AEC9B5E9D9,547,,,,11,A0CBE5B5-15E4-B4F0-F88E-E83729225A42,Y,0,0,9999999,0,Year,Third,,N,,,Y,N,N,Y,N
ASST_PL_INSTRMNT_ASSGNMNT,2E5D79EA-0765-4AA6-90FE-A5AFBB12FD5A,552,,D11405B3-AA41-4944-8935-17AEC9B5E9D9,547,,,,10,A0CBE5B5-15E4-B4F0-F88E-E83729225A42,Y,0,0,9999999,0,Year,Third,,N,,,Y,N,N,Y,N
BLNC_SHT_NTTNG,D2BB5173-D83E-322D-BED2-46CBA3F78B9A,553,,D11405B3-AA41-4944-8935-17AEC9B5E9D9,547,,,,5,B00C49F8-7AB8-0344-2390-66F8B305696A,Y,0,0,9999999,0,Year,Third,,N,,,Y,N,N,Y,N
CLLTRL,66571B42-D25D-1CCE-0AB9-7565742DF2AF,554,,D11405B3-AA41-4944-8935-17AEC9B5E9D9,547,,,,21,9233E877-99B3-25CB-0DCC-48B7E03DC1DD,Y,0,0,9999999,0,Year,Third,,N,,,Y,N,N,Y,N
CLLTRL_GVN_INSTRMNT_DBT_SCRTY_ISSD_ASSGNMNT,E2845C9C-C6B2-A147-A2C8-8BB40D3E5057,555,,D11405B3-AA41-4944-8935-17AEC9B5E9D9,547,,,,9,E3679F77-0ED6-93EB-F366-44CA2F802395,Y,0,0,9999999,0,Year,Third,,N,,,Y,N,N,Y,N
CLLTRL_RL,EC02DDF4-5AF2-BF90-6BE8-C39DA1D24CF0,556,,D11405B3-AA41-4944-8935-17AEC9B5E9D9,547,,,,14,9233E877-99B3-25CB-0DCC-48B7E03DC1DD,Y,0,0,9999999,0,Year,Third,,N,,,Y,N,N,Y,N
CRDT_FCLTY,E2187E78-47F0-6162-904B-FA943C892859,557,,D11405B3-AA41-4944-8935-17AEC9B5E9D9,547,,,,39,AE3B0B8B-4E66-709C-450E-CC4B1C21FF1E,Y,0,0,9999999,0,Year,Third,,N,,,Y,N,N,Y,N
CRDT_FCLTY_CLLTRL_ASSGNMNT,D9FBBA8B-F990-3D82-C827-6925DC3E41D5,558,,D11405B3-AA41-4944-8935-17AEC9B5E9D9,547,,,,7,8901219F-AB49-127E-838D-9EE79906B11E,Y,0,0,9999999,0,Year,Third,,N,,,Y,N,N,Y,N
CRDT_FCLTY_CLLTRL_RCVD_INSTRMNT_ASSGNMNT,AED71901-4B2F-0725-81B9-CABE0E34D219,559,,D11405B3-AA41-4944-8935-17AEC9B5E9D9,547,,,,8,8901219F-AB49-127E-838D-9EE79906B11E,Y,0,0,9999999,0,Year,Third,,N,,,Y,N,N,Y,N
CRDT_FCLTY_ENTTY_RL_ASSGNMNT,2CE2CD50-3468-A4F6-B7B9-430D43860998,560,,D11405B3-AA41-4944-8935-17AEC9B5E9D9,547,,,,8,321D792E-206D-B597-68BE-AFF9E9EBC387,Y,0,0,9999999,0,Year,Third,,N,,,Y,N,N,Y,N
CRDT_RSK_MTGTN_ASSGNMNT,D13C5ECD-72C1-0072-6357-4042F52DD6B9,561,,D11405B3-AA41-4944-8935-17AEC9B5E9D9,547,,,,6,9233E877-99B3-25CB-0DCC-48B7E03DC1DD,Y,0,0,9999999,0,Year,Third,,N,,,Y,N,N,Y,N
CRDT_TRNSFR_OTHR_SCRTSTN_CVRD_BND_PRGRM,17F76E7D-F8B0-6654-8210-ACC324AF62B5,562,,D11405B3-AA41-4944-8935-17AEC9B5E9D9,547,,,,7,A0CBE5B5-15E4-B4F0-F88E-E83729225A42,Y,0,0,9999999,0,Year,Third,,N,,,Y,N,N,Y,N
CSH_HND,2BFE5839-AC51-9E69-E7BB-C192E0A1FE78,563,,D11405B3-AA41-4944-8935-17AEC9B5E9D9,547,,,,8,33380944-8442-174B-069A-88F99EEEC3DC,Y,0,0,9999999,0,Year,Third,,N,,,Y,N,N,Y,N
CVRD_BND_ISSNC,6089111E-BD43-1ACE-2694-9A0195CC47EC,564,,D11405B3-AA41-4944-8935-17AEC9B5E9D9,547,,,,6,A0CBE5B5-15E4-B4F0-F88E-E83729225A42,Y,0,0,9999999,0,Year,Third,,N,,,Y,N,N,Y,N
CVRD_BND_PRGRM,92730B66-9CDD-7491-83E6-6487AB4AB679,565,,D11405B3-AA41-4944-8935-17AEC9B5E9D9,547,,,,7,A0CBE5B5-15E4-B4F0-F88E-E83729225A42,Y,0,0,9999999,0,Year,Third,,N,,,Y,N,N,Y,N
CVRD_BND_PRGRMM_RLVNT_RGM_EXCSS,8343D390-5D49-3678-B4B1-CD16B68D9938,566,,D11405B3-AA41-4944-8935-17AEC9B5E9D9,547,,,,8,A0CBE5B5-15E4-B4F0-F88E-E83729225A42,Y,0,0,9999999,0,Year,Third,,N,,,Y,N,N,Y,N
DBT_SCRTY_ISSD,9E421822-DE09-6CAD-AD81-5EFC8F187878,567,,D11405B3-AA41-4944-8935-17AEC9B5E9D9,547,,,,24,178C245A-208C-578D-F0C5-C390D8542711,Y,0,0,9999999,0,Year,Third,,N,,,Y,N,N,Y,N
DBT_SCRTY_ISSD_HDG,5E59BBD2-F530-2867-A5AB-1758604131C0,568,,D11405B3-AA41-4944-8935-17AEC9B5E9D9,547,,,,8,178C245A-208C-578D-F0C5-C390D8542711,Y,0,0,9999999,0,Year,Third,,N,,,Y,N,N,Y,N
DBT_SCRTY_ISSD_PRTCN_ARRNGMNT_GVN_ASSGNMNT,E02AAAD1-A9EA-5202-CDAA-2CC2D7C91C0F,569,,D11405B3-AA41-4944-8935-17AEC9B5E9D9,547,,,,10,B00C49F8-7AB8-0344-2390-66F8B305696A,Y,0,0,9999999,0,Year,Third,,N,,,Y,N,N,Y,N
DBT_SCRTY_ISSD_TRDTNL_SCRTSTN_ASSGNMNT,4666D86A-C192-A42F-314D-E09600CBD6AF,570,,D11405B3-AA41-4944-8935-17AEC9B5E9D9,547,,,,7,A0CBE5B5-15E4-B4F0-F88E-E83729225A42,Y,0,0,9999999,0,Year,Third,,N,,,Y,N,N,Y,N
ENTTY_RL,392D8B5E-AEE4-D5CD-E1DF-9BD705999553,571,,D11405B3-AA41-4944-8935-17AEC9B5E9D9,547,,,,14,7A67499C-0479-82E2-9F82-A693B748701D,Y,0,0,9999999,0,Year,Third,,N,,,Y,N,N,Y,N
EQT_INSTRMNT_NT_SCRT_HDG,310B8867-1821-5DAA-B711-AA33E9F3BEE9,572,,D11405B3-AA41-4944-8935-17AEC9B5E9D9,547,,,,7,E3679F77-0ED6-93EB-F366-44CA2F802395,Y,0,0,9999999,0,Year,Third,,N,,,Y,N,N,Y,N
ETD_LBLTY_PSTN_SNTHTC_SCRTSTN_ASSGNMNT,9B7AF512-A77B-E59D-EAFF-A5F883E70D69,573,,D11405B3-AA41-4944-8935-17AEC9B5E9D9,547,,,,11,A0CBE5B5-15E4-B4F0-F88E-E83729225A42,Y,0,0,9999999,0,Year,Third,,N,,,Y,N,N,Y,N
EXCHNG_TRDBL_DRVTV_PSTN,F76C7767-80DC-17FC-8C24-625A37A26C03,574,,D11405B3-AA41-4944-8935-17AEC9B5E9D9,547,,,,13,6B4999C9-9ED0-E7FF-EF12-F2895351A157,Y,0,0,9999999,0,Year,Third,,N,,,Y,N,N,Y,N
EXCHNG_TRDBL_DRVTV_PSTN_PRTCN_ARRNGMNT_ASSGNMNT,C9EF37F4-0F2F-5AE8-F64D-B556EBCE6DB6,575,,D11405B3-AA41-4944-8935-17AEC9B5E9D9,547,,,,14,B00C49F8-7AB8-0344-2390-66F8B305696A,Y,0,0,9999999,0,Year,Third,,N,,,Y,N,N,Y,N
EXCHNG_TRDBL_DRVTV_PSTN_RL,B721A848-D94B-3E91-A092-77F932D36700,576,,D11405B3-AA41-4944-8935-17AEC9B5E9D9,547,,,,31,6B4999C9-9ED0-E7FF-EF12-F2895351A157,Y,0,0,9999999,0,Year,Third,,N,,,Y,N,N,Y,N
FNDMNTL_RVW_TRDNG_BK_STNDRD_APPRCH_RSK_MSR_ETD_PSTNS,76CC117E-9269-5B3D-DC94-88E88D3992DF,577,,D11405B3-AA41-4944-8935-17AEC9B5E9D9,547,,,,22,1B94F88B-CE04-E04E-DE88-6866B6DBCB24,Y,0,0,9999999,0,Year,Third,,N,,,Y,N,N,Y,N
FNDMNTL_RVW_TRDNG_BK_STNDRD_APPRCH_RSK_MSR_FR_SCRTY_PSTNS,B6B3E1ED-2E00-7015-D653-9E3452D0DBB8,578,,D11405B3-AA41-4944-8935-17AEC9B5E9D9,547,,,,20,1B94F88B-CE04-E04E-DE88-6866B6DBCB24,Y,0,0,9999999,0,Year,Third,,N,,,Y,N,N,Y,N
FNDMNTL_RVW_TRDNG_BK_STNDRD_APPRCH_RSK_MSR_OTC_PSTNS,9AB206EC-2637-7627-56A6-E0CEAB05985B,579,,D11405B3-AA41-4944-8935-17AEC9B5E9D9,547,,,,18,1B94F88B-CE04-E04E-DE88-6866B6DBCB24,Y,0,0,9999999,0,Year,Third,,N,,,Y,N,N,Y,N
FNNCL_CNTRCT,60979D29-0D6E-2BF9-9DCD-8EB1953DB316,580,,D11405B3-AA41-4944-8935-17AEC9B5E9D9,547,,,,9,B00C49F8-7AB8-0344-2390-66F8B305696A,Y,0,0,9999999,0,Year,Third,,N,,,Y,N,N,Y,N
FNNCL_GRNT_INSTRMNT_DBT_SCRT_DBT_SCRTY_ASSGNMNT,63B5B017-7056-C0D5-34F5-01C3109C56DD,581,,D11405B3-AA41-4944-8935-17AEC9B5E9D9,547,,,,7,E3679F77-0ED6-93EB-F366-44CA2F802395,Y,0,0,9999999,0,Year,Third,,N,,,Y,N,N,Y,N
FR_VL_DCRS_CNTNGNT_ENCMBRNC,F48AE039-5258-487C-30D1-AB3397BAB2CE,582,,D11405B3-AA41-4944-8935-17AEC9B5E9D9,547,,,,17,33380944-8442-174B-069A-88F99EEEC3DC,Y,0,0,9999999,0,Year,Third,,N,,,Y,N,N,Y,N
GLD_CLLTRL_LG_GLD_CLLTRL_ASSGNMNT,1BB891A3-A7FD-B0C5-5743-1D4D1CE185C1,583,,D11405B3-AA41-4944-8935-17AEC9B5E9D9,547,,,,7,E3679F77-0ED6-93EB-F366-44CA2F802395,Y,0,0,9999999,0,Year,Third,,N,,,Y,N,N,Y,N
GRP,4CCC06A0-284F-0AA1-1EBC-8F2B8C8671A4,584,,D11405B3-AA41-4944-8935-17AEC9B5E9D9,547,,,,6,6A779D0D-F36E-D93D-2784-62A536E03441,Y,0,0,9999999,0,Year,Third,,N,,,Y,N,N,Y,N
GRP_KY_MNGMNT_PRSNLL_ASSGNMNT,8C23DF10-7211-2EAF-FEF3-5E7F1947AC47,585,,D11405B3-AA41-4944-8935-17AEC9B5E9D9,547,,,,8,F36538BB-5D06-004C-7E98-E0E4C376E423,Y,0,0,9999999,0,Year,Third,,N,,,Y,N,N,Y,N
IMMDT_PRNT_ENTRPRS_ASSGNMNT,53E0D305-99BC-E230-D97D-FA30FE38532F,586,,D11405B3-AA41-4944-8935-17AEC9B5E9D9,547,,,,9,7A67499C-0479-82E2-9F82-A693B748701D,Y,0,0,9999999,0,Year,Third,,N,,,Y,N,N,Y,N
INSTRMNT,F5A91258-A373-D78D-E32B-99F4DBE1A5B0,587,,D11405B3-AA41-4944-8935-17AEC9B5E9D9,547,,,,38,E3679F77-0ED6-93EB-F366-44CA2F802395,Y,0,0,9999999,0,Year,Third,,N,,,Y,N,N,Y,N
INSTRMNT_CLLTRL_ASSGNMNT,0E2E365E-CBEE-EF7E-378F-6FFC0F61725D,588,,D11405B3-AA41-4944-8935-17AEC9B5E9D9,547,,,,12,BA6872F2-94CA-21F5-EE67-2D64E8105B0E,Y,0,0,9999999,0,Year,Third,,N,,,Y,N,N,Y,N
INSTRMNT_CLLTRL_RCVD_INSTRMNT_ASSGNMNT,E8E9475B-0751-CDDF-67A6-F871E268B68A,589,,D11405B3-AA41-4944-8935-17AEC9B5E9D9,547,,,,9,BA6872F2-94CA-21F5-EE67-2D64E8105B0E,Y,0,0,9999999,0,Year,Third,,N,,,Y,N,N,Y,N
INSTRMNT_ENTTY_RL_ASSGNMNT,B8142C19-71C0-CE6A-B3D5-6814A18E03DA,590,,D11405B3-AA41-4944-8935-17AEC9B5E9D9,547,,,,13,FE45E328-F07E-B6E9-3D7B-D350215923F8,Y,0,0,9999999,0,Year,Third,,N,,,Y,N,N,Y,N
INSTRMNT_HDGD_EXCHNG_TRDBL_DRVTV,DF5E9FE4-1188-5C93-4F73-B56555A0BB59,591,,D11405B3-AA41-4944-8935-17AEC9B5E9D9,547,,,,11,E3679F77-0ED6-93EB-F366-44CA2F802395,Y,0,0,9999999,0,Year,Third,,N,,,Y,N,N,Y,N
INSTRMNT_HDGD_OTC_DRVTV,A583B60E-3A47-77F2-C053-EB5172CED1B2,592,,D11405B3-AA41-4944-8935-17AEC9B5E9D9,547,,,,6,E3679F77-0ED6-93EB-F366-44CA2F802395,Y,0,0,9999999,0,Year,Third,,N,,,Y,N,N,Y,N
INSTRMNT_PRTCTN_ARRNGMNT_ASSGNMNT,B1DDED66-18F0-68D2-B524-BC3780A6CFA6,593,,D11405B3-AA41-4944-8935-17AEC9B5E9D9,547,,,,8,B00C49F8-7AB8-0344-2390-66F8B305696A,Y,0,0,9999999,0,Year,Third,,N,,,Y,N,N,Y,N
INSTRMNT_RL,D3BAFE8E-AC69-C4DA-D4D3-CA05A4FD4F88,594,,D11405B3-AA41-4944-8935-17AEC9B5E9D9,547,,,,105,E3679F77-0ED6-93EB-F366-44CA2F802395,Y,0,0,9999999,0,Year,Third,,N,,,Y,N,N,Y,N
INTRNL_GRP_RL,A315D1AA-DA18-43C7-3C48-810A571EB500,595,,D11405B3-AA41-4944-8935-17AEC9B5E9D9,547,,,,9,6A779D0D-F36E-D93D-2784-62A536E03441,Y,0,0,9999999,0,Year,Third,,N,,,Y,N,N,Y,N
INTRST_RT_RSK_HDG_PRTFL,955FE11D-21AB-92BC-DF76-1AF81F972460,596,,D11405B3-AA41-4944-8935-17AEC9B5E9D9,547,,,,7,33380944-8442-174B-069A-88F99EEEC3DC,Y,0,0,9999999,0,Year,Third,,N,,,Y,N,N,Y,N
INVSTMNT_PRPRTY_TKN_PSSSSN,C4372A45-8C87-E4D0-53E5-C49E4BC3105E,597,,D11405B3-AA41-4944-8935-17AEC9B5E9D9,547,,,,21,33380944-8442-174B-069A-88F99EEEC3DC,Y,0,0,9999999,0,Year,Third,,N,,,Y,N,N,Y,N
KB_PR_BCKT,4B5AEAF4-9ACB-02E0-F013-86B4CF1DE7C2,598,,D11405B3-AA41-4944-8935-17AEC9B5E9D9,547,,,,6,1B94F88B-CE04-E04E-DE88-6866B6DBCB24,Y,0,0,9999999,0,Year,Third,,N,,,Y,N,N,Y,N
LN_AND_ADVNC_HDG,F4CC67D9-00A1-248D-0F29-C9B2479F0552,599,,D11405B3-AA41-4944-8935-17AEC9B5E9D9,547,,,,7,E3679F77-0ED6-93EB-F366-44CA2F802395,Y,0,0,9999999,0,Year,Third,,N,,,Y,N,N,Y,N
LNG_DBT_SCRTY_PSTN_ENCMBRNC_DRVD_DT,197BA3EE-9336-6C70-809D-AC923D84AF9B,600,,D11405B3-AA41-4944-8935-17AEC9B5E9D9,547,,,,9,6B4999C9-9ED0-E7FF-EF12-F2895351A157,Y,0,0,9999999,0,Year,Third,,N,,,Y,N,N,Y,N
LNG_EQTY_FND_SCRTY_PSTN_ENCMBRNC_DT,3D71E2D2-3D1B-32CA-728B-0675A92F3BC1,601,,D11405B3-AA41-4944-8935-17AEC9B5E9D9,547,,,,9,6B4999C9-9ED0-E7FF-EF12-F2895351A157,Y,0,0,9999999,0,Year,Third,,N,,,Y,N,N,Y,N
LNG_SCRTY_PSTN_CLLTRL_RCVD_ASSGNMNT,FF07B44E-D354-5513-0A4C-B0314C53D1C9,602,,D11405B3-AA41-4944-8935-17AEC9B5E9D9,547,,,,12,6B4999C9-9ED0-E7FF-EF12-F2895351A157,Y,0,0,9999999,0,Year,Third,,N,,,Y,N,N,Y,N
LNG_SCRTY_PSTN_HDG,FF4660DA-2DDC-16A6-7C07-3B305C782E63,603,,D11405B3-AA41-4944-8935-17AEC9B5E9D9,547,,,,9,6B4999C9-9ED0-E7FF-EF12-F2895351A157,Y,0,0,9999999,0,Year,Third,,N,,,Y,N,N,Y,N
LNG_SCRTY_PSTN_PRDNTL_PRTFL_ASSGNMNT,D3D5AF5D-AC9D-6A71-A78A-AB0A737F28FE,604,,D11405B3-AA41-4944-8935-17AEC9B5E9D9,547,,,,16,6B4999C9-9ED0-E7FF-EF12-F2895351A157,Y,0,0,9999999,0,Year,Third,,N,,,Y,N,N,Y,N
LNG_SCRTY_PSTN_PRDNTL_PRTFL_ASSGNMNT_ACCNTNG_CLSSFCTN_FNNCL_ASSTS_ASSGNMNT,AFA4B15C-53E2-AFC2-BAEA-345A61326344,605,,D11405B3-AA41-4944-8935-17AEC9B5E9D9,547,,,,45,6B4999C9-9ED0-E7FF-EF12-F2895351A157,Y,0,0,9999999,0,Year,Third,,N,,,Y,N,N,Y,N
LNG_SCRTY_PSTN_PRDNTL_PRTFL_ASSGNMNT_RSK_DT,37DD4504-598F-59A6-7853-DA7286095948,606,,D11405B3-AA41-4944-8935-17AEC9B5E9D9,547,,,,15,6B4999C9-9ED0-E7FF-EF12-F2895351A157,Y,0,0,9999999,0,Year,Third,,N,,,Y,N,N,Y,N
LNG_SCRTY_PSTN_PRTCTN_ARRNGMNT_GVN_ASSGNMNT,5A16C28E-7D00-7836-C236-60C76DF2E865,607,,D11405B3-AA41-4944-8935-17AEC9B5E9D9,547,,,,11,B00C49F8-7AB8-0344-2390-66F8B305696A,Y,0,0,9999999,0,Year,Third,,N,,,Y,N,N,Y,N
LNKD_ENTRPRS_ASSGNMNT,B5BD2708-C86A-AD8B-ECE9-60FA805F598F,608,,D11405B3-AA41-4944-8935-17AEC9B5E9D9,547,,,,7,7A67499C-0479-82E2-9F82-A693B748701D,Y,0,0,9999999,0,Year,Third,,N,,,Y,N,N,Y,N
MSTR_AGRMNT,6994DE1C-15EA-24D0-969A-9A1FB67632A7,609,,D11405B3-AA41-4944-8935-17AEC9B5E9D9,547,,,,6,B00C49F8-7AB8-0344-2390-66F8B305696A,Y,0,0,9999999,0,Year,Third,,N,,,Y,N,N,Y,N
MSTR_AGRMNT_ENTTY_RL_ASSGNMNT,EBB9CC20-06DE-811D-A116-83A58C5D0D03,610,,D11405B3-AA41-4944-8935-17AEC9B5E9D9,547,,,,8,B00C49F8-7AB8-0344-2390-66F8B305696A,Y,0,0,9999999,0,Year,Third,,N,,,Y,N,N,Y,N
MSTR_AGRMNT_FNNCL_CNTRCT_ASSGNMNT,0F8DCBC4-5BC3-17E8-8CA6-6D984CFC6FAC,611,,D11405B3-AA41-4944-8935-17AEC9B5E9D9,547,,,,6,B00C49F8-7AB8-0344-2390-66F8B305696A,Y,0,0,9999999,0,Year,Third,,N,,,Y,N,N,Y,N
NN_FNNCL_ASST,0256C5AD-373E-23BD-D3DC-072C1475B1ED,612,,D11405B3-AA41-4944-8935-17AEC9B5E9D9,547,,,,11,33380944-8442-174B-069A-88F99EEEC3DC,Y,0,0,9999999,0,Year,Third,,N,,,Y,N,N,Y,N
NN_FNNCL_LBLTY,55FF9430-C55F-F5D4-8C61-ED54DE91177E,613,,D11405B3-AA41-4944-8935-17AEC9B5E9D9,547,,,,8,33380944-8442-174B-069A-88F99EEEC3DC,Y,0,0,9999999,0,Year,Third,,N,,,Y,N,N,Y,N
NTRL_PRSN_KY_MNGMNT_PRSNLL_ASSGNMNT,DC748FE5-84C4-820B-3720-3663A585681A,614,,D11405B3-AA41-4944-8935-17AEC9B5E9D9,547,,,,7,7A67499C-0479-82E2-9F82-A693B748701D,Y,0,0,9999999,0,Year,Third,,N,,,Y,N,N,Y,N
OTC_DRVTV_HDG,451D5B19-B4B1-F4F1-A94E-C5A116FFEB14,615,,D11405B3-AA41-4944-8935-17AEC9B5E9D9,547,,,,9,E3679F77-0ED6-93EB-F366-44CA2F802395,Y,0,0,9999999,0,Year,Third,,N,,,Y,N,N,Y,N
OTC_DRVTV_INSTRMNT_SNTHTC_SCRTSTN_ASSGNMNT,9DC92262-1750-E372-DDE8-402D17A259D8,616,,D11405B3-AA41-4944-8935-17AEC9B5E9D9,547,,,,6,A0CBE5B5-15E4-B4F0-F88E-E83729225A42,Y,0,0,9999999,0,Year,Third,,N,,,Y,N,N,Y,N
OTHR_PRTY_ID,A14A6DDF-9701-D473-BF37-7D24840195A3,617,,D11405B3-AA41-4944-8935-17AEC9B5E9D9,547,,,,8,7A67499C-0479-82E2-9F82-A693B748701D,Y,0,0,9999999,0,Year,Third,,N,,,Y,N,N,Y,N
PRPRTY_PLNT_EQPMNT_TKN_PSSSSN,CE8DC1D0-3CA5-D8B9-C3BB-334F4842F073,618,,D11405B3-AA41-4944-8935-17AEC9B5E9D9,547,,,,18,33380944-8442-174B-069A-88F99EEEC3DC,Y,0,0,9999999,0,Year,Third,,N,,,Y,N,N,Y,N
PRTCTN_ARRNGMNT,D95B2056-8A7D-EFE9-BBC5-AF446D7B5214,619,,D11405B3-AA41-4944-8935-17AEC9B5E9D9,547,,,,7,B00C49F8-7AB8-0344-2390-66F8B305696A,Y,0,0,9999999,0,Year,Third,,N,,,Y,N,N,Y,N
PRTCTN_ARRNGMNT_RL,80E42AFB-A1AC-5EC1-0D1F-99D6728307B9,620,,D11405B3-AA41-4944-8935-17AEC9B5E9D9,547,,,,9,B00C49F8-7AB8-0344-2390-66F8B305696A,Y,0,0,9999999,0,Year,Third,,N,,,Y,N,N,Y,N
PRTCTN_PRTCTN_PRVD_ASSGNMNT,731C45F1-7A19-BB7A-1238-D08D2CCF28FD,621,,D11405B3-AA41-4944-8935-17AEC9B5E9D9,547,,,,8,9233E877-99B3-25CB-0DCC-48B7E03DC1DD,Y,0,0,9999999,0,Year,Third,,N,,,Y,N,N,Y,N
PRTNR_ENTRPRS_ASSGNMNT,D367E546-D09F-D80A-A0DB-BB637E8A0867,622,,D11405B3-AA41-4944-8935-17AEC9B5E9D9,547,,,,8,7A67499C-0479-82E2-9F82-A693B748701D,Y,0,0,9999999,0,Year,Third,,N,,,Y,N,N,Y,N
PRTY,1ACFD7F9-3FA5-34F9-308E-DE73C42C36CD,623,,D11405B3-AA41-4944-8935-17AEC9B5E9D9,547,,,,50,7A67499C-0479-82E2-9F82-A693B748701D,Y,0,0,9999999,0,Year,Third,,N,,,Y,N,N,Y,N
PRTY_CD,8D6CE4C7-E1CB-8399-9049-3DAC1AC6278D,624,,D11405B3-AA41-4944-8935-17AEC9B5E9D9,547,,,,8,7A67499C-0479-82E2-9F82-A693B748701D,Y,0,0,9999999,0,Year,Third,,N,,,Y,N,N,Y,N
PRTY_PRVS_PRD_DT,C5017AB4-306F-A833-B62F-26584AB6688A,625,,D11405B3-AA41-4944-8935-17AEC9B5E9D9,547,,,,7,7A67499C-0479-82E2-9F82-A693B748701D,Y,0,0,9999999,0,Year,Third,,N,,,Y,N,N,Y,N
RPRCHS_AGRMNT_CMPNNT,6C99AE47-5CD6-648D-093C-E28909B14490,626,,D11405B3-AA41-4944-8935-17AEC9B5E9D9,547,,,,8,E3679F77-0ED6-93EB-F366-44CA2F802395,Y,0,0,9999999,0,Year,Third,,N,,,Y,N,N,Y,N
RSK_FAC_SA,E80EE1C7-1EFC-1B9A-6BD4-25759D140E95,627,,D11405B3-AA41-4944-8935-17AEC9B5E9D9,547,,,,16,1B94F88B-CE04-E04E-DE88-6866B6DBCB24,Y,0,0,9999999,0,Year,Third,,N,,,Y,N,N,Y,N
RTNG_AGNCY,E3F74E64-ACCF-1EF5-EED8-1B0956FAB89A,628,,D11405B3-AA41-4944-8935-17AEC9B5E9D9,547,,,,2,6E05D22A-D6DB-0396-42A2-4B1DB49EB60E,Y,0,0,9999999,0,Year,Third,,N,,,Y,N,N,Y,N
RTNG_AGNCY_EXCSS_MTHDLGY_CVRD_BND_PRGRMM_ASSGNMNT,0451E4F5-EFCC-DD07-E6BB-D55D63EF017D,629,,D11405B3-AA41-4944-8935-17AEC9B5E9D9,547,,,,10,6E05D22A-D6DB-0396-42A2-4B1DB49EB60E,Y,0,0,9999999,0,Year,Third,,N,,,Y,N,N,Y,N
RTNG_GRD,3BDF76B4-0FC8-FB41-DE28-009464FDD5C7,630,,D11405B3-AA41-4944-8935-17AEC9B5E9D9,547,,,,5,6E05D22A-D6DB-0396-42A2-4B1DB49EB60E,Y,0,0,9999999,0,Year,Third,,N,,,Y,N,N,Y,N
RTNG_GRD_CNTRL_BNK_PRVT_SCTR_CMPN_ASSGNMNT,D793192F-1333-D6AA-CB5A-A689A3DA0BE8,631,,D11405B3-AA41-4944-8935-17AEC9B5E9D9,547,,,,8,6E05D22A-D6DB-0396-42A2-4B1DB49EB60E,Y,0,0,9999999,0,Year,Third,,N,,,Y,N,N,Y,N
RTNG_GRD_CNTRY_ASSGNMNT,800D5C9C-05BD-292D-5996-9DFE76FE1282,632,,D11405B3-AA41-4944-8935-17AEC9B5E9D9,547,,,,4,6E05D22A-D6DB-0396-42A2-4B1DB49EB60E,Y,0,0,9999999,0,Year,Third,,N,,,Y,N,N,Y,N
RTNG_GRD_ISS_BSD_RTNG_SSTM_DBT_SCRTY_ASSGNMNT,ADF91545-7CC7-A9C6-F0CD-C85A0E4746D7,633,,D11405B3-AA41-4944-8935-17AEC9B5E9D9,547,,,,8,6E05D22A-D6DB-0396-42A2-4B1DB49EB60E,Y,0,0,9999999,0,Year,Third,,N,,,Y,N,N,Y,N
RTNG_SYSTM,9CC80512-6E0F-EB4E-5D6C-39F8F6B44D28,634,,D11405B3-AA41-4944-8935-17AEC9B5E9D9,547,,,,5,6E05D22A-D6DB-0396-42A2-4B1DB49EB60E,Y,0,0,9999999,0,Year,Third,,N,,,Y,N,N,Y,N
RTNG_SYSTM_APPLD_LGL_PRSN,E70C5F01-C038-B6EE-B4F0-8382E10D796F,635,,D11405B3-AA41-4944-8935-17AEC9B5E9D9,547,,,,8,6E05D22A-D6DB-0396-42A2-4B1DB49EB60E,Y,0,0,9999999,0,Year,Third,,N,,,Y,N,N,Y,N
SBSDRY_JNT_VNTR_ASSCT_OTHR_ORGNSTN_ASSGNMNT,BD356627-B01C-4CA9-2D25-134BF866231E,636,,D11405B3-AA41-4944-8935-17AEC9B5E9D9,547,,,,17,F36538BB-5D06-004C-7E98-E0E4C376E423,Y,0,0,9999999,0,Year,Third,,N,,,Y,N,N,Y,N
SCRTY_BRRWNG_CMPNNT_SCRTY_CLLTRL_ASSGNMNT,5435A059-6973-ADF7-69EB-7FB3B97F1FB9,637,,D11405B3-AA41-4944-8935-17AEC9B5E9D9,547,,,,6,E3679F77-0ED6-93EB-F366-44CA2F802395,Y,0,0,9999999,0,Year,Third,,N,,,Y,N,N,Y,N
SCRTY_BRRWNG_LNDNG_TRNSCTN_INCLDNG_CSH_CLLTRL,D422198E-B6F0-B09F-080D-73B3421BF395,638,,D11405B3-AA41-4944-8935-17AEC9B5E9D9,547,,,,10,E3679F77-0ED6-93EB-F366-44CA2F802395,Y,0,0,9999999,0,Year,Third,,N,,,Y,N,N,Y,N
SCRTY_CLLTRL_LNDNG_CMPNNT_SCRTY_CLLTRL_ASSGNMNT,5A21B74A-90F0-7F96-CE60-746BA413D4D1,639,,D11405B3-AA41-4944-8935-17AEC9B5E9D9,547,,,,6,E3679F77-0ED6-93EB-F366-44CA2F802395,Y,0,0,9999999,0,Year,Third,,N,,,Y,N,N,Y,N
SCRTY_ENTTY_RL_ASSGNMNT,08845803-18B2-9B9D-33D6-B52AA7251E4F,640,,D11405B3-AA41-4944-8935-17AEC9B5E9D9,547,,,,10,6B4999C9-9ED0-E7FF-EF12-F2895351A157,Y,0,0,9999999,0,Year,Third,,N,,,Y,N,N,Y,N
SCRTY_EXCHNG_TRDBL_DRVTV,6F6ADD10-00B2-A507-DFB5-144E00BF53C8,641,,D11405B3-AA41-4944-8935-17AEC9B5E9D9,547,,,,59,178C245A-208C-578D-F0C5-C390D8542711,Y,0,0,9999999,0,Year,Third,,N,,,Y,N,N,Y,N
SCRTY_HDGD_EXCHNG_TRDBL_DRVTV,1A6CA026-7437-2F5B-F24E-B055C5FD1D06,642,,D11405B3-AA41-4944-8935-17AEC9B5E9D9,547,,,,14,6B4999C9-9ED0-E7FF-EF12-F2895351A157,Y,0,0,9999999,0,Year,Third,,N,,,Y,N,N,Y,N
SCRTY_LNDNG_CMPNNT_SCRTY_ASSGNMNT,D5B5FEC9-82CF-B293-139F-8AA4BB025D39,643,,D11405B3-AA41-4944-8935-17AEC9B5E9D9,547,,,,6,E3679F77-0ED6-93EB-F366-44CA2F802395,Y,0,0,9999999,0,Year,Third,,N,,,Y,N,N,Y,N
SCRTY_PSTN,6E8409CE-B365-56A1-9B14-4CED755ECCAC,644,,D11405B3-AA41-4944-8935-17AEC9B5E9D9,547,,,,31,6B4999C9-9ED0-E7FF-EF12-F2895351A157,Y,0,0,9999999,0,Year,Third,,N,,,Y,N,N,Y,N
SCRTY_PSTN_HDGD_OTC_DRVTV,79860FC0-DEC4-5204-71F0-D58AB6A43D14,645,,D11405B3-AA41-4944-8935-17AEC9B5E9D9,547,,,,12,E3679F77-0ED6-93EB-F366-44CA2F802395,Y,0,0,9999999,0,Year,Third,,N,,,Y,N,N,Y,N
SCRTY_SCRTY_RPRCHS_AGRMNT_CMPNNT_ASSGNMNT,B193CC55-A307-BCF6-910D-4D2A5FBA56A5,646,,D11405B3-AA41-4944-8935-17AEC9B5E9D9,547,,,,10,E3679F77-0ED6-93EB-F366-44CA2F802395,Y,0,0,9999999,0,Year,Third,,N,,,Y,N,N,Y,N
SGNFCNT_CRRNCY_DPRCTN_CNTNGNT_ENCMBRNC,1D1C897F-C270-81C5-B4D7-AAB021D376C6,647,,D11405B3-AA41-4944-8935-17AEC9B5E9D9,547,,,,18,33380944-8442-174B-069A-88F99EEEC3DC,Y,0,0,9999999,0,Year,Third,,N,,,Y,N,N,Y,N
SHRT_SCRTY_PSTN_PRDNTL_PRTFL_ASSGNMNT,1650C6D8-E520-132B-945E-50ED0B67A4C3,648,,D11405B3-AA41-4944-8935-17AEC9B5E9D9,547,,,,11,6B4999C9-9ED0-E7FF-EF12-F2895351A157,Y,0,0,9999999,0,Year,Third,,N,,,Y,N,N,Y,N
SNTHTC_SCRTSTN,0B7D9123-D5B1-358F-B0BC-D37543665D97,649,,D11405B3-AA41-4944-8935-17AEC9B5E9D9,547,,,,14,A0CBE5B5-15E4-B4F0-F88E-E83729225A42,Y,0,0,9999999,0,Year,Third,,N,,,Y,N,N,Y,N
SYNDCTD_CNTRCT,CE18AD83-445D-1D1E-B33C-9967F204F312,650,,D11405B3-AA41-4944-8935-17AEC9B5E9D9,547,,,,1,B00C49F8-7AB8-0344-2390-66F8B305696A,Y,0,0,9999999,0,Year,Third,,N,,,Y,N,N,Y,N
TRDTNL_SCRTSTN,1FF95978-EB07-2ADB-6690-073BC711FF9C,651,,D11405B3-AA41-4944-8935-17AEC9B5E9D9,547,,,,15,A0CBE5B5-15E4-B4F0-F88E-E83729225A42,Y,0,0,9999999,0,Year,Third,,N,,,Y,N,N,Y,N
TRNCH_SYNTHTC_SCRTSTN_WTHT_SSPE_DPST,578755E4-4016-78AA-3DFA-D403F5E00F15,652,,D11405B3-AA41-4944-8935-17AEC9B5E9D9,547,,,,10,A0CBE5B5-15E4-B4F0-F88E-E83729225A42,Y,0,0,9999999,0,Year,Third,,N,,,Y,N,N,Y,N
TRNCH_SYNTHTC_SCRTSTN_WTHT_SSPE_FNNCL_GRNT,6861DF40-FA24-57E9-16B6-04E4BE68D79C,653,,D11405B3-AA41-4944-8935-17AEC9B5E9D9,547,,,,10,A0CBE5B5-15E4-B4F0-F88E-E83729225A42,Y,0,0,9999999,0,Year,Third,,N,,,Y,N,N,Y,N
TRNCH_TRDTNL_SCRTSTN,E84635B4-F76C-6345-E576-CE2E55EBF292,654,,D11405B3-AA41-4944-8935-17AEC9B5E9D9,547,,,,9,A0CBE5B5-15E4-B4F0-F88E-E83729225A42,Y,0,0,9999999,0,Year,Third,,N,,,Y,N,N,Y,N
TRNSFRRD_ASST_LG_INSTRMNT_ASSGNMNT,59C7508A-8095-93CA-0CE3-7E871D9557D5,655,,D11405B3-AA41-4944-8935-17AEC9B5E9D9,547,,,,8,E3679F77-0ED6-93EB-F366-44CA2F802395,Y,0,0,9999999,0,Year,Third,,N,,,Y,N,N,Y,N
